Previous Close,Stop Loss,Entry Point X,Entry Point Long,Entry Point Short,Long SL,Short SL,Triggered (Yes/No)
23457.75,30,30,23405.0,23405.0,23375.0,23435.0,No
23457.75,30,40,23405.0,23405.0,23375.0,23435.0,No
23457.75,30,50,23405.0,23405.0,23375.0,23435.0,No
23457.75,30,60,23405.0,23405.0,23375.0,23435.0,No
23457.75,30,70,23405.0,23405.0,23375.0,23435.0,No
23457.75,30,80,23405.0,23405.0,23375.0,23435.0,No
23457.75,30,90,23405.0,23405.0,23375.0,23435.0,No
23457.75,30,100,23405.0,23405.0,23375.0,23435.0,No
23457.75,30,110,23405.0,23405.0,23375.0,23435.0,No
23457.75,30,120,23405.0,23405.0,23375.0,23435.0,No
23457.75,30,130,23405.0,23405.0,23375.0,23435.0,No
23457.75,30,140,23405.0,23405.0,23375.0,23435.0,No
23457.75,30,150,23405.0,23405.0,23375.0,23435.0,No
23457.75,30,160,23405.0,23405.0,23375.0,23435.0,No
23457.75,30,170,23405.0,23405.0,23375.0,23435.0,No
23457.75,30,180,23405.0,23405.0,23375.0,23435.0,No
23457.75,30,190,23405.0,23405.0,23375.0,23435.0,No
23457.75,30,200,23405.0,23405.0,23375.0,23435.0,No
23457.75,30,210,23405.0,23405.0,23375.0,23435.0,No
23457.75,30,220,23405.0,23405.0,23375.0,23435.0,No
23457.75,30,230,23405.0,23405.0,23375.0,23435.0,No
23457.75,30,240,23405.0,23405.0,23375.0,23435.0,No
23457.75,30,250,23405.0,23405.0,23375.0,23435.0,No
23457.75,30,260,23405.0,23405.0,23375.0,23435.0,No
23457.75,30,270,23405.0,23405.0,23375.0,23435.0,No
23457.75,30,280,23405.0,23405.0,23375.0,23435.0,No
23457.75,30,290,23405.0,23405.0,23375.0,23435.0,No
23457.75,30,300,23405.0,23405.0,23375.0,23435.0,No
23457.75,60,30,23405.0,23405.0,23345.0,23465.0,No
23457.75,60,40,23405.0,23405.0,23345.0,23465.0,No
23457.75,60,50,23405.0,23405.0,23345.0,23465.0,No
23457.75,60,60,23405.0,23405.0,23345.0,23465.0,No
23457.75,60,70,23405.0,23405.0,23345.0,23465.0,No
23457.75,60,80,23405.0,23405.0,23345.0,23465.0,No
23457.75,60,90,23405.0,23405.0,23345.0,23465.0,No
23457.75,60,100,23405.0,23405.0,23345.0,23465.0,No
23457.75,60,110,23405.0,23405.0,23345.0,23465.0,No
23457.75,60,120,23405.0,23405.0,23345.0,23465.0,No
23457.75,60,130,23405.0,23405.0,23345.0,23465.0,No
23457.75,60,140,23405.0,23405.0,23345.0,23465.0,No
23457.75,60,150,23405.0,23405.0,23345.0,23465.0,No
23457.75,60,160,23405.0,23405.0,23345.0,23465.0,No
23457.75,60,170,23405.0,23405.0,23345.0,23465.0,No
23457.75,60,180,23405.0,23405.0,23345.0,23465.0,No
23457.75,60,190,23405.0,23405.0,23345.0,23465.0,No
23457.75,60,200,23405.0,23405.0,23345.0,23465.0,No
23457.75,60,210,23405.0,23405.0,23345.0,23465.0,No
23457.75,60,220,23405.0,23405.0,23345.0,23465.0,No
23457.75,60,230,23405.0,23405.0,23345.0,23465.0,No
23457.75,60,240,23405.0,23405.0,23345.0,23465.0,No
23457.75,60,250,23405.0,23405.0,23345.0,23465.0,No
23457.75,60,260,23405.0,23405.0,23345.0,23465.0,No
23457.75,60,270,23405.0,23405.0,23345.0,23465.0,No
23457.75,60,280,23405.0,23405.0,23345.0,23465.0,No
23457.75,60,290,23405.0,23405.0,23345.0,23465.0,No
23457.75,60,300,23405.0,23405.0,23345.0,23465.0,No
23457.75,90,30,23405.0,23405.0,23315.0,23495.0,No
23457.75,90,40,23405.0,23405.0,23315.0,23495.0,No
23457.75,90,50,23405.0,23405.0,23315.0,23495.0,No
23457.75,90,60,23405.0,23405.0,23315.0,23495.0,No
23457.75,90,70,23405.0,23405.0,23315.0,23495.0,No
23457.75,90,80,23405.0,23405.0,23315.0,23495.0,No
23457.75,90,90,23405.0,23405.0,23315.0,23495.0,No
23457.75,90,100,23405.0,23405.0,23315.0,23495.0,No
23457.75,90,110,23405.0,23405.0,23315.0,23495.0,No
23457.75,90,120,23405.0,23405.0,23315.0,23495.0,No
23457.75,90,130,23405.0,23405.0,23315.0,23495.0,No
23457.75,90,140,23405.0,23405.0,23315.0,23495.0,No
23457.75,90,150,23405.0,23405.0,23315.0,23495.0,No
23457.75,90,160,23405.0,23405.0,23315.0,23495.0,No
23457.75,90,170,23405.0,23405.0,23315.0,23495.0,No
23457.75,90,180,23405.0,23405.0,23315.0,23495.0,No
23457.75,90,190,23405.0,23405.0,23315.0,23495.0,No
23457.75,90,200,23405.0,23405.0,23315.0,23495.0,No
23457.75,90,210,23405.0,23405.0,23315.0,23495.0,No
23457.75,90,220,23405.0,23405.0,23315.0,23495.0,No
23457.75,90,230,23405.0,23405.0,23315.0,23495.0,No
23457.75,90,240,23405.0,23405.0,23315.0,23495.0,No
23457.75,90,250,23405.0,23405.0,23315.0,23495.0,No
23457.75,90,260,23405.0,23405.0,23315.0,23495.0,No
23457.75,90,270,23405.0,23405.0,23315.0,23495.0,No
23457.75,90,280,23405.0,23405.0,23315.0,23495.0,No
23457.75,90,290,23405.0,23405.0,23315.0,23495.0,No
23457.75,90,300,23405.0,23405.0,23315.0,23495.0,No
23457.75,120,30,23405.0,23405.0,23285.0,23525.0,No
23457.75,120,40,23405.0,23405.0,23285.0,23525.0,No
23457.75,120,50,23405.0,23405.0,23285.0,23525.0,No
23457.75,120,60,23405.0,23405.0,23285.0,23525.0,No
23457.75,120,70,23405.0,23405.0,23285.0,23525.0,No
23457.75,120,80,23405.0,23405.0,23285.0,23525.0,No
23457.75,120,90,23405.0,23405.0,23285.0,23525.0,No
23457.75,120,100,23405.0,23405.0,23285.0,23525.0,No
23457.75,120,110,23405.0,23405.0,23285.0,23525.0,No
23457.75,120,120,23405.0,23405.0,23285.0,23525.0,No
23457.75,120,130,23405.0,23405.0,23285.0,23525.0,No
23457.75,120,140,23405.0,23405.0,23285.0,23525.0,No
23457.75,120,150,23405.0,23405.0,23285.0,23525.0,No
23457.75,120,160,23405.0,23405.0,23285.0,23525.0,No
23457.75,120,170,23405.0,23405.0,23285.0,23525.0,No
23457.75,120,180,23405.0,23405.0,23285.0,23525.0,No
23457.75,120,190,23405.0,23405.0,23285.0,23525.0,No
23457.75,120,200,23405.0,23405.0,23285.0,23525.0,No
23457.75,120,210,23405.0,23405.0,23285.0,23525.0,No
23457.75,120,220,23405.0,23405.0,23285.0,23525.0,No
23457.75,120,230,23405.0,23405.0,23285.0,23525.0,No
23457.75,120,240,23405.0,23405.0,23285.0,23525.0,No
23457.75,120,250,23405.0,23405.0,23285.0,23525.0,No
23457.75,120,260,23405.0,23405.0,23285.0,23525.0,No
23457.75,120,270,23405.0,23405.0,23285.0,23525.0,No
23457.75,120,280,23405.0,23405.0,23285.0,23525.0,No
23457.75,120,290,23405.0,23405.0,23285.0,23525.0,No
23457.75,120,300,23405.0,23405.0,23285.0,23525.0,No
23457.75,150,30,23405.0,23405.0,23255.0,23555.0,No
23457.75,150,40,23405.0,23405.0,23255.0,23555.0,No
23457.75,150,50,23405.0,23405.0,23255.0,23555.0,No
23457.75,150,60,23405.0,23405.0,23255.0,23555.0,No
23457.75,150,70,23405.0,23405.0,23255.0,23555.0,No
23457.75,150,80,23405.0,23405.0,23255.0,23555.0,No
23457.75,150,90,23405.0,23405.0,23255.0,23555.0,No
23457.75,150,100,23405.0,23405.0,23255.0,23555.0,No
23457.75,150,110,23405.0,23405.0,23255.0,23555.0,No
23457.75,150,120,23405.0,23405.0,23255.0,23555.0,No
23457.75,150,130,23405.0,23405.0,23255.0,23555.0,No
23457.75,150,140,23405.0,23405.0,23255.0,23555.0,No
23457.75,150,150,23405.0,23405.0,23255.0,23555.0,No
23457.75,150,160,23405.0,23405.0,23255.0,23555.0,No
23457.75,150,170,23405.0,23405.0,23255.0,23555.0,No
23457.75,150,180,23405.0,23405.0,23255.0,23555.0,No
23457.75,150,190,23405.0,23405.0,23255.0,23555.0,No
23457.75,150,200,23405.0,23405.0,23255.0,23555.0,No
23457.75,150,210,23405.0,23405.0,23255.0,23555.0,No
23457.75,150,220,23405.0,23405.0,23255.0,23555.0,No
23457.75,150,230,23405.0,23405.0,23255.0,23555.0,No
23457.75,150,240,23405.0,23405.0,23255.0,23555.0,No
23457.75,150,250,23405.0,23405.0,23255.0,23555.0,No
23457.75,150,260,23405.0,23405.0,23255.0,23555.0,No
23457.75,150,270,23405.0,23405.0,23255.0,23555.0,No
23457.75,150,280,23405.0,23405.0,23255.0,23555.0,No
23457.75,150,290,23405.0,23405.0,23255.0,23555.0,No
23457.75,150,300,23405.0,23405.0,23255.0,23555.0,No
23140.05,30,30,23089.8,23089.8,23059.8,23119.8,No
23140.05,30,40,23089.8,23089.8,23059.8,23119.8,No
23140.05,30,50,23089.8,23089.8,23059.8,23119.8,No
23140.05,30,60,23089.8,23089.8,23059.8,23119.8,No
23140.05,30,70,23089.8,23089.8,23059.8,23119.8,No
23140.05,30,80,23089.8,23089.8,23059.8,23119.8,No
23140.05,30,90,23089.8,23089.8,23059.8,23119.8,No
23140.05,30,100,23089.8,23089.8,23059.8,23119.8,No
23140.05,30,110,23089.8,23089.8,23059.8,23119.8,No
23140.05,30,120,23089.8,23089.8,23059.8,23119.8,No
23140.05,30,130,23089.8,23089.8,23059.8,23119.8,No
23140.05,30,140,23089.8,23089.8,23059.8,23119.8,No
23140.05,30,150,23089.8,23089.8,23059.8,23119.8,No
23140.05,30,160,23089.8,23089.8,23059.8,23119.8,No
23140.05,30,170,23089.8,23089.8,23059.8,23119.8,No
23140.05,30,180,23089.8,23089.8,23059.8,23119.8,No
23140.05,30,190,23089.8,23089.8,23059.8,23119.8,No
23140.05,30,200,23089.8,23089.8,23059.8,23119.8,No
23140.05,30,210,23089.8,23089.8,23059.8,23119.8,No
23140.05,30,220,23089.8,23089.8,23059.8,23119.8,No
23140.05,30,230,23089.8,23089.8,23059.8,23119.8,No
23140.05,30,240,23089.8,23089.8,23059.8,23119.8,No
23140.05,30,250,23089.8,23089.8,23059.8,23119.8,No
23140.05,30,260,23089.8,23089.8,23059.8,23119.8,No
23140.05,30,270,23089.8,23089.8,23059.8,23119.8,No
23140.05,30,280,23089.8,23089.8,23059.8,23119.8,No
23140.05,30,290,23089.8,23089.8,23059.8,23119.8,No
23140.05,30,300,23089.8,23089.8,23059.8,23119.8,No
23140.05,60,30,23089.8,23089.8,23029.8,23149.8,No
23140.05,60,40,23089.8,23089.8,23029.8,23149.8,No
23140.05,60,50,23089.8,23089.8,23029.8,23149.8,No
23140.05,60,60,23089.8,23089.8,23029.8,23149.8,No
23140.05,60,70,23089.8,23089.8,23029.8,23149.8,No
23140.05,60,80,23089.8,23089.8,23029.8,23149.8,No
23140.05,60,90,23089.8,23089.8,23029.8,23149.8,No
23140.05,60,100,23089.8,23089.8,23029.8,23149.8,No
23140.05,60,110,23089.8,23089.8,23029.8,23149.8,No
23140.05,60,120,23089.8,23089.8,23029.8,23149.8,No
23140.05,60,130,23089.8,23089.8,23029.8,23149.8,No
23140.05,60,140,23089.8,23089.8,23029.8,23149.8,No
23140.05,60,150,23089.8,23089.8,23029.8,23149.8,No
23140.05,60,160,23089.8,23089.8,23029.8,23149.8,No
23140.05,60,170,23089.8,23089.8,23029.8,23149.8,No
23140.05,60,180,23089.8,23089.8,23029.8,23149.8,No
23140.05,60,190,23089.8,23089.8,23029.8,23149.8,No
23140.05,60,200,23089.8,23089.8,23029.8,23149.8,No
23140.05,60,210,23089.8,23089.8,23029.8,23149.8,No
23140.05,60,220,23089.8,23089.8,23029.8,23149.8,No
23140.05,60,230,23089.8,23089.8,23029.8,23149.8,No
23140.05,60,240,23089.8,23089.8,23029.8,23149.8,No
23140.05,60,250,23089.8,23089.8,23029.8,23149.8,No
23140.05,60,260,23089.8,23089.8,23029.8,23149.8,No
23140.05,60,270,23089.8,23089.8,23029.8,23149.8,No
23140.05,60,280,23089.8,23089.8,23029.8,23149.8,No
23140.05,60,290,23089.8,23089.8,23029.8,23149.8,No
23140.05,60,300,23089.8,23089.8,23029.8,23149.8,No
23140.05,90,30,23089.8,23089.8,22999.8,23179.8,No
23140.05,90,40,23089.8,23089.8,22999.8,23179.8,No
23140.05,90,50,23089.8,23089.8,22999.8,23179.8,No
23140.05,90,60,23089.8,23089.8,22999.8,23179.8,No
23140.05,90,70,23089.8,23089.8,22999.8,23179.8,No
23140.05,90,80,23089.8,23089.8,22999.8,23179.8,No
23140.05,90,90,23089.8,23089.8,22999.8,23179.8,No
23140.05,90,100,23089.8,23089.8,22999.8,23179.8,No
23140.05,90,110,23089.8,23089.8,22999.8,23179.8,No
23140.05,90,120,23089.8,23089.8,22999.8,23179.8,No
23140.05,90,130,23089.8,23089.8,22999.8,23179.8,No
23140.05,90,140,23089.8,23089.8,22999.8,23179.8,No
23140.05,90,150,23089.8,23089.8,22999.8,23179.8,No
23140.05,90,160,23089.8,23089.8,22999.8,23179.8,No
23140.05,90,170,23089.8,23089.8,22999.8,23179.8,No
23140.05,90,180,23089.8,23089.8,22999.8,23179.8,No
23140.05,90,190,23089.8,23089.8,22999.8,23179.8,No
23140.05,90,200,23089.8,23089.8,22999.8,23179.8,No
23140.05,90,210,23089.8,23089.8,22999.8,23179.8,No
23140.05,90,220,23089.8,23089.8,22999.8,23179.8,No
23140.05,90,230,23089.8,23089.8,22999.8,23179.8,No
23140.05,90,240,23089.8,23089.8,22999.8,23179.8,No
23140.05,90,250,23089.8,23089.8,22999.8,23179.8,No
23140.05,90,260,23089.8,23089.8,22999.8,23179.8,No
23140.05,90,270,23089.8,23089.8,22999.8,23179.8,No
23140.05,90,280,23089.8,23089.8,22999.8,23179.8,No
23140.05,90,290,23089.8,23089.8,22999.8,23179.8,No
23140.05,90,300,23089.8,23089.8,22999.8,23179.8,No
23140.05,120,30,23089.8,23089.8,22969.8,23209.8,No
23140.05,120,40,23089.8,23089.8,22969.8,23209.8,No
23140.05,120,50,23089.8,23089.8,22969.8,23209.8,No
23140.05,120,60,23089.8,23089.8,22969.8,23209.8,No
23140.05,120,70,23089.8,23089.8,22969.8,23209.8,No
23140.05,120,80,23089.8,23089.8,22969.8,23209.8,No
23140.05,120,90,23089.8,23089.8,22969.8,23209.8,No
23140.05,120,100,23089.8,23089.8,22969.8,23209.8,No
23140.05,120,110,23089.8,23089.8,22969.8,23209.8,No
23140.05,120,120,23089.8,23089.8,22969.8,23209.8,No
23140.05,120,130,23089.8,23089.8,22969.8,23209.8,No
23140.05,120,140,23089.8,23089.8,22969.8,23209.8,No
23140.05,120,150,23089.8,23089.8,22969.8,23209.8,No
23140.05,120,160,23089.8,23089.8,22969.8,23209.8,No
23140.05,120,170,23089.8,23089.8,22969.8,23209.8,No
23140.05,120,180,23089.8,23089.8,22969.8,23209.8,No
23140.05,120,190,23089.8,23089.8,22969.8,23209.8,No
23140.05,120,200,23089.8,23089.8,22969.8,23209.8,No
23140.05,120,210,23089.8,23089.8,22969.8,23209.8,No
23140.05,120,220,23089.8,23089.8,22969.8,23209.8,No
23140.05,120,230,23089.8,23089.8,22969.8,23209.8,No
23140.05,120,240,23089.8,23089.8,22969.8,23209.8,No
23140.05,120,250,23089.8,23089.8,22969.8,23209.8,No
23140.05,120,260,23089.8,23089.8,22969.8,23209.8,No
23140.05,120,270,23089.8,23089.8,22969.8,23209.8,No
23140.05,120,280,23089.8,23089.8,22969.8,23209.8,No
23140.05,120,290,23089.8,23089.8,22969.8,23209.8,No
23140.05,120,300,23089.8,23089.8,22969.8,23209.8,No
23140.05,150,30,23089.8,23089.8,22939.8,23239.8,No
23140.05,150,40,23089.8,23089.8,22939.8,23239.8,No
23140.05,150,50,23089.8,23089.8,22939.8,23239.8,No
23140.05,150,60,23089.8,23089.8,22939.8,23239.8,No
23140.05,150,70,23089.8,23089.8,22939.8,23239.8,No
23140.05,150,80,23089.8,23089.8,22939.8,23239.8,No
23140.05,150,90,23089.8,23089.8,22939.8,23239.8,No
23140.05,150,100,23089.8,23089.8,22939.8,23239.8,No
23140.05,150,110,23089.8,23089.8,22939.8,23239.8,No
23140.05,150,120,23089.8,23089.8,22939.8,23239.8,No
23140.05,150,130,23089.8,23089.8,22939.8,23239.8,No
23140.05,150,140,23089.8,23089.8,22939.8,23239.8,No
23140.05,150,150,23089.8,23089.8,22939.8,23239.8,No
23140.05,150,160,23089.8,23089.8,22939.8,23239.8,No
23140.05,150,170,23089.8,23089.8,22939.8,23239.8,No
23140.05,150,180,23089.8,23089.8,22939.8,23239.8,No
23140.05,150,190,23089.8,23089.8,22939.8,23239.8,No
23140.05,150,200,23089.8,23089.8,22939.8,23239.8,No
23140.05,150,210,23089.8,23089.8,22939.8,23239.8,No
23140.05,150,220,23089.8,23089.8,22939.8,23239.8,No
23140.05,150,230,23089.8,23089.8,22939.8,23239.8,No
23140.05,150,240,23089.8,23089.8,22939.8,23239.8,No
23140.05,150,250,23089.8,23089.8,22939.8,23239.8,No
23140.05,150,260,23089.8,23089.8,22939.8,23239.8,No
23140.05,150,270,23089.8,23089.8,22939.8,23239.8,No
23140.05,150,280,23089.8,23089.8,22939.8,23239.8,No
23140.05,150,290,23089.8,23089.8,22939.8,23239.8,No
23140.05,150,300,23089.8,23089.8,22939.8,23239.8,No
23131.0,30,30,23173.0,23173.0,23143.0,23203.0,No
23131.0,30,40,23173.0,23173.0,23143.0,23203.0,No
23131.0,30,50,23173.0,23173.0,23143.0,23203.0,No
23131.0,30,60,23173.0,23173.0,23143.0,23203.0,No
23131.0,30,70,23173.0,23173.0,23143.0,23203.0,No
23131.0,30,80,23173.0,23173.0,23143.0,23203.0,No
23131.0,30,90,23173.0,23173.0,23143.0,23203.0,No
23131.0,30,100,23173.0,23173.0,23143.0,23203.0,No
23131.0,30,110,23173.0,23173.0,23143.0,23203.0,No
23131.0,30,120,23173.0,23173.0,23143.0,23203.0,No
23131.0,30,130,23173.0,23173.0,23143.0,23203.0,No
23131.0,30,140,23173.0,23173.0,23143.0,23203.0,No
23131.0,30,150,23173.0,23173.0,23143.0,23203.0,No
23131.0,30,160,23173.0,23173.0,23143.0,23203.0,No
23131.0,30,170,23173.0,23173.0,23143.0,23203.0,No
23131.0,30,180,23173.0,23173.0,23143.0,23203.0,No
23131.0,30,190,23173.0,23173.0,23143.0,23203.0,No
23131.0,30,200,23173.0,23173.0,23143.0,23203.0,No
23131.0,30,210,23173.0,23173.0,23143.0,23203.0,No
23131.0,30,220,23173.0,23173.0,23143.0,23203.0,No
23131.0,30,230,23173.0,23173.0,23143.0,23203.0,No
23131.0,30,240,23173.0,23173.0,23143.0,23203.0,No
23131.0,30,250,23173.0,23173.0,23143.0,23203.0,No
23131.0,30,260,23173.0,23173.0,23143.0,23203.0,No
23131.0,30,270,23173.0,23173.0,23143.0,23203.0,No
23131.0,30,280,23173.0,23173.0,23143.0,23203.0,No
23131.0,30,290,23173.0,23173.0,23143.0,23203.0,No
23131.0,30,300,23173.0,23173.0,23143.0,23203.0,No
23131.0,60,30,23173.0,23173.0,23113.0,23233.0,No
23131.0,60,40,23173.0,23173.0,23113.0,23233.0,No
23131.0,60,50,23173.0,23173.0,23113.0,23233.0,No
23131.0,60,60,23173.0,23173.0,23113.0,23233.0,No
23131.0,60,70,23173.0,23173.0,23113.0,23233.0,No
23131.0,60,80,23173.0,23173.0,23113.0,23233.0,No
23131.0,60,90,23173.0,23173.0,23113.0,23233.0,No
23131.0,60,100,23173.0,23173.0,23113.0,23233.0,No
23131.0,60,110,23173.0,23173.0,23113.0,23233.0,No
23131.0,60,120,23173.0,23173.0,23113.0,23233.0,No
23131.0,60,130,23173.0,23173.0,23113.0,23233.0,No
23131.0,60,140,23173.0,23173.0,23113.0,23233.0,No
23131.0,60,150,23173.0,23173.0,23113.0,23233.0,No
23131.0,60,160,23173.0,23173.0,23113.0,23233.0,No
23131.0,60,170,23173.0,23173.0,23113.0,23233.0,No
23131.0,60,180,23173.0,23173.0,23113.0,23233.0,No
23131.0,60,190,23173.0,23173.0,23113.0,23233.0,No
23131.0,60,200,23173.0,23173.0,23113.0,23233.0,No
23131.0,60,210,23173.0,23173.0,23113.0,23233.0,No
23131.0,60,220,23173.0,23173.0,23113.0,23233.0,No
23131.0,60,230,23173.0,23173.0,23113.0,23233.0,No
23131.0,60,240,23173.0,23173.0,23113.0,23233.0,No
23131.0,60,250,23173.0,23173.0,23113.0,23233.0,No
23131.0,60,260,23173.0,23173.0,23113.0,23233.0,No
23131.0,60,270,23173.0,23173.0,23113.0,23233.0,No
23131.0,60,280,23173.0,23173.0,23113.0,23233.0,No
23131.0,60,290,23173.0,23173.0,23113.0,23233.0,No
23131.0,60,300,23173.0,23173.0,23113.0,23233.0,No
23131.0,90,30,23173.0,23173.0,23083.0,23263.0,No
23131.0,90,40,23173.0,23173.0,23083.0,23263.0,No
23131.0,90,50,23173.0,23173.0,23083.0,23263.0,No
23131.0,90,60,23173.0,23173.0,23083.0,23263.0,No
23131.0,90,70,23173.0,23173.0,23083.0,23263.0,No
23131.0,90,80,23173.0,23173.0,23083.0,23263.0,No
23131.0,90,90,23173.0,23173.0,23083.0,23263.0,No
23131.0,90,100,23173.0,23173.0,23083.0,23263.0,No
23131.0,90,110,23173.0,23173.0,23083.0,23263.0,No
23131.0,90,120,23173.0,23173.0,23083.0,23263.0,No
23131.0,90,130,23173.0,23173.0,23083.0,23263.0,No
23131.0,90,140,23173.0,23173.0,23083.0,23263.0,No
23131.0,90,150,23173.0,23173.0,23083.0,23263.0,No
23131.0,90,160,23173.0,23173.0,23083.0,23263.0,No
23131.0,90,170,23173.0,23173.0,23083.0,23263.0,No
23131.0,90,180,23173.0,23173.0,23083.0,23263.0,No
23131.0,90,190,23173.0,23173.0,23083.0,23263.0,No
23131.0,90,200,23173.0,23173.0,23083.0,23263.0,No
23131.0,90,210,23173.0,23173.0,23083.0,23263.0,No
23131.0,90,220,23173.0,23173.0,23083.0,23263.0,No
23131.0,90,230,23173.0,23173.0,23083.0,23263.0,No
23131.0,90,240,23173.0,23173.0,23083.0,23263.0,No
23131.0,90,250,23173.0,23173.0,23083.0,23263.0,No
23131.0,90,260,23173.0,23173.0,23083.0,23263.0,No
23131.0,90,270,23173.0,23173.0,23083.0,23263.0,No
23131.0,90,280,23173.0,23173.0,23083.0,23263.0,No
23131.0,90,290,23173.0,23173.0,23083.0,23263.0,No
23131.0,90,300,23173.0,23173.0,23083.0,23263.0,No
23131.0,120,30,23173.0,23173.0,23053.0,23293.0,No
23131.0,120,40,23173.0,23173.0,23053.0,23293.0,No
23131.0,120,50,23173.0,23173.0,23053.0,23293.0,No
23131.0,120,60,23173.0,23173.0,23053.0,23293.0,No
23131.0,120,70,23173.0,23173.0,23053.0,23293.0,No
23131.0,120,80,23173.0,23173.0,23053.0,23293.0,No
23131.0,120,90,23173.0,23173.0,23053.0,23293.0,No
23131.0,120,100,23173.0,23173.0,23053.0,23293.0,No
23131.0,120,110,23173.0,23173.0,23053.0,23293.0,No
23131.0,120,120,23173.0,23173.0,23053.0,23293.0,No
23131.0,120,130,23173.0,23173.0,23053.0,23293.0,No
23131.0,120,140,23173.0,23173.0,23053.0,23293.0,No
23131.0,120,150,23173.0,23173.0,23053.0,23293.0,No
23131.0,120,160,23173.0,23173.0,23053.0,23293.0,No
23131.0,120,170,23173.0,23173.0,23053.0,23293.0,No
23131.0,120,180,23173.0,23173.0,23053.0,23293.0,No
23131.0,120,190,23173.0,23173.0,23053.0,23293.0,No
23131.0,120,200,23173.0,23173.0,23053.0,23293.0,No
23131.0,120,210,23173.0,23173.0,23053.0,23293.0,No
23131.0,120,220,23173.0,23173.0,23053.0,23293.0,No
23131.0,120,230,23173.0,23173.0,23053.0,23293.0,No
23131.0,120,240,23173.0,23173.0,23053.0,23293.0,No
23131.0,120,250,23173.0,23173.0,23053.0,23293.0,No
23131.0,120,260,23173.0,23173.0,23053.0,23293.0,No
23131.0,120,270,23173.0,23173.0,23053.0,23293.0,No
23131.0,120,280,23173.0,23173.0,23053.0,23293.0,No
23131.0,120,290,23173.0,23173.0,23053.0,23293.0,No
23131.0,120,300,23173.0,23173.0,23053.0,23293.0,No
23131.0,150,30,23173.0,23173.0,23023.0,23323.0,No
23131.0,150,40,23173.0,23173.0,23023.0,23323.0,No
23131.0,150,50,23173.0,23173.0,23023.0,23323.0,No
23131.0,150,60,23173.0,23173.0,23023.0,23323.0,No
23131.0,150,70,23173.0,23173.0,23023.0,23323.0,No
23131.0,150,80,23173.0,23173.0,23023.0,23323.0,No
23131.0,150,90,23173.0,23173.0,23023.0,23323.0,No
23131.0,150,100,23173.0,23173.0,23023.0,23323.0,No
23131.0,150,110,23173.0,23173.0,23023.0,23323.0,No
23131.0,150,120,23173.0,23173.0,23023.0,23323.0,No
23131.0,150,130,23173.0,23173.0,23023.0,23323.0,No
23131.0,150,140,23173.0,23173.0,23023.0,23323.0,No
23131.0,150,150,23173.0,23173.0,23023.0,23323.0,No
23131.0,150,160,23173.0,23173.0,23023.0,23323.0,No
23131.0,150,170,23173.0,23173.0,23023.0,23323.0,No
23131.0,150,180,23173.0,23173.0,23023.0,23323.0,No
23131.0,150,190,23173.0,23173.0,23023.0,23323.0,No
23131.0,150,200,23173.0,23173.0,23023.0,23323.0,No
23131.0,150,210,23173.0,23173.0,23023.0,23323.0,No
23131.0,150,220,23173.0,23173.0,23023.0,23323.0,No
23131.0,150,230,23173.0,23173.0,23023.0,23323.0,No
23131.0,150,240,23173.0,23173.0,23023.0,23323.0,No
23131.0,150,250,23173.0,23173.0,23023.0,23323.0,No
23131.0,150,260,23173.0,23173.0,23023.0,23323.0,No
23131.0,150,270,23173.0,23173.0,23023.0,23323.0,No
23131.0,150,280,23173.0,23173.0,23023.0,23323.0,No
23131.0,150,290,23173.0,23173.0,23023.0,23323.0,No
23131.0,150,300,23173.0,23173.0,23023.0,23323.0,No
23091.2,30,30,23195.0,23195.0,23165.0,23225.0,No
23091.2,30,40,23195.0,23195.0,23165.0,23225.0,No
23091.2,30,50,23195.0,23195.0,23165.0,23225.0,No
23091.2,30,60,23195.0,23195.0,23165.0,23225.0,No
23091.2,30,70,23195.0,23195.0,23165.0,23225.0,No
23091.2,30,80,23195.0,23195.0,23165.0,23225.0,No
23091.2,30,90,23195.0,23195.0,23165.0,23225.0,No
23091.2,30,100,23195.0,23195.0,23165.0,23225.0,No
23091.2,30,110,23195.0,23195.0,23165.0,23225.0,No
23091.2,30,120,23195.0,23195.0,23165.0,23225.0,No
23091.2,30,130,23195.0,23195.0,23165.0,23225.0,No
23091.2,30,140,23195.0,23195.0,23165.0,23225.0,No
23091.2,30,150,23195.0,23195.0,23165.0,23225.0,No
23091.2,30,160,23195.0,23195.0,23165.0,23225.0,No
23091.2,30,170,23195.0,23195.0,23165.0,23225.0,No
23091.2,30,180,23195.0,23195.0,23165.0,23225.0,No
23091.2,30,190,23195.0,23195.0,23165.0,23225.0,No
23091.2,30,200,23195.0,23195.0,23165.0,23225.0,No
23091.2,30,210,23195.0,23195.0,23165.0,23225.0,No
23091.2,30,220,23195.0,23195.0,23165.0,23225.0,No
23091.2,30,230,23195.0,23195.0,23165.0,23225.0,No
23091.2,30,240,23195.0,23195.0,23165.0,23225.0,No
23091.2,30,250,23195.0,23195.0,23165.0,23225.0,No
23091.2,30,260,23195.0,23195.0,23165.0,23225.0,No
23091.2,30,270,23195.0,23195.0,23165.0,23225.0,No
23091.2,30,280,23195.0,23195.0,23165.0,23225.0,No
23091.2,30,290,23195.0,23195.0,23165.0,23225.0,No
23091.2,30,300,23195.0,23195.0,23165.0,23225.0,No
23091.2,60,30,23195.0,23195.0,23135.0,23255.0,No
23091.2,60,40,23195.0,23195.0,23135.0,23255.0,No
23091.2,60,50,23195.0,23195.0,23135.0,23255.0,No
23091.2,60,60,23195.0,23195.0,23135.0,23255.0,No
23091.2,60,70,23195.0,23195.0,23135.0,23255.0,No
23091.2,60,80,23195.0,23195.0,23135.0,23255.0,No
23091.2,60,90,23195.0,23195.0,23135.0,23255.0,No
23091.2,60,100,23195.0,23195.0,23135.0,23255.0,No
23091.2,60,110,23195.0,23195.0,23135.0,23255.0,No
23091.2,60,120,23195.0,23195.0,23135.0,23255.0,No
23091.2,60,130,23195.0,23195.0,23135.0,23255.0,No
23091.2,60,140,23195.0,23195.0,23135.0,23255.0,No
23091.2,60,150,23195.0,23195.0,23135.0,23255.0,No
23091.2,60,160,23195.0,23195.0,23135.0,23255.0,No
23091.2,60,170,23195.0,23195.0,23135.0,23255.0,No
23091.2,60,180,23195.0,23195.0,23135.0,23255.0,No
23091.2,60,190,23195.0,23195.0,23135.0,23255.0,No
23091.2,60,200,23195.0,23195.0,23135.0,23255.0,No
23091.2,60,210,23195.0,23195.0,23135.0,23255.0,No
23091.2,60,220,23195.0,23195.0,23135.0,23255.0,No
23091.2,60,230,23195.0,23195.0,23135.0,23255.0,No
23091.2,60,240,23195.0,23195.0,23135.0,23255.0,No
23091.2,60,250,23195.0,23195.0,23135.0,23255.0,No
23091.2,60,260,23195.0,23195.0,23135.0,23255.0,No
23091.2,60,270,23195.0,23195.0,23135.0,23255.0,No
23091.2,60,280,23195.0,23195.0,23135.0,23255.0,No
23091.2,60,290,23195.0,23195.0,23135.0,23255.0,No
23091.2,60,300,23195.0,23195.0,23135.0,23255.0,No
23091.2,90,30,23195.0,23195.0,23105.0,23285.0,No
23091.2,90,40,23195.0,23195.0,23105.0,23285.0,No
23091.2,90,50,23195.0,23195.0,23105.0,23285.0,No
23091.2,90,60,23195.0,23195.0,23105.0,23285.0,No
23091.2,90,70,23195.0,23195.0,23105.0,23285.0,No
23091.2,90,80,23195.0,23195.0,23105.0,23285.0,No
23091.2,90,90,23195.0,23195.0,23105.0,23285.0,No
23091.2,90,100,23195.0,23195.0,23105.0,23285.0,No
23091.2,90,110,23195.0,23195.0,23105.0,23285.0,No
23091.2,90,120,23195.0,23195.0,23105.0,23285.0,No
23091.2,90,130,23195.0,23195.0,23105.0,23285.0,No
23091.2,90,140,23195.0,23195.0,23105.0,23285.0,No
23091.2,90,150,23195.0,23195.0,23105.0,23285.0,No
23091.2,90,160,23195.0,23195.0,23105.0,23285.0,No
23091.2,90,170,23195.0,23195.0,23105.0,23285.0,No
23091.2,90,180,23195.0,23195.0,23105.0,23285.0,No
23091.2,90,190,23195.0,23195.0,23105.0,23285.0,No
23091.2,90,200,23195.0,23195.0,23105.0,23285.0,No
23091.2,90,210,23195.0,23195.0,23105.0,23285.0,No
23091.2,90,220,23195.0,23195.0,23105.0,23285.0,No
23091.2,90,230,23195.0,23195.0,23105.0,23285.0,No
23091.2,90,240,23195.0,23195.0,23105.0,23285.0,No
23091.2,90,250,23195.0,23195.0,23105.0,23285.0,No
23091.2,90,260,23195.0,23195.0,23105.0,23285.0,No
23091.2,90,270,23195.0,23195.0,23105.0,23285.0,No
23091.2,90,280,23195.0,23195.0,23105.0,23285.0,No
23091.2,90,290,23195.0,23195.0,23105.0,23285.0,No
23091.2,90,300,23195.0,23195.0,23105.0,23285.0,No
23091.2,120,30,23195.0,23195.0,23075.0,23315.0,No
23091.2,120,40,23195.0,23195.0,23075.0,23315.0,No
23091.2,120,50,23195.0,23195.0,23075.0,23315.0,No
23091.2,120,60,23195.0,23195.0,23075.0,23315.0,No
23091.2,120,70,23195.0,23195.0,23075.0,23315.0,No
23091.2,120,80,23195.0,23195.0,23075.0,23315.0,No
23091.2,120,90,23195.0,23195.0,23075.0,23315.0,No
23091.2,120,100,23195.0,23195.0,23075.0,23315.0,No
23091.2,120,110,23195.0,23195.0,23075.0,23315.0,No
23091.2,120,120,23195.0,23195.0,23075.0,23315.0,No
23091.2,120,130,23195.0,23195.0,23075.0,23315.0,No
23091.2,120,140,23195.0,23195.0,23075.0,23315.0,No
23091.2,120,150,23195.0,23195.0,23075.0,23315.0,No
23091.2,120,160,23195.0,23195.0,23075.0,23315.0,No
23091.2,120,170,23195.0,23195.0,23075.0,23315.0,No
23091.2,120,180,23195.0,23195.0,23075.0,23315.0,No
23091.2,120,190,23195.0,23195.0,23075.0,23315.0,No
23091.2,120,200,23195.0,23195.0,23075.0,23315.0,No
23091.2,120,210,23195.0,23195.0,23075.0,23315.0,No
23091.2,120,220,23195.0,23195.0,23075.0,23315.0,No
23091.2,120,230,23195.0,23195.0,23075.0,23315.0,No
23091.2,120,240,23195.0,23195.0,23075.0,23315.0,No
23091.2,120,250,23195.0,23195.0,23075.0,23315.0,No
23091.2,120,260,23195.0,23195.0,23075.0,23315.0,No
23091.2,120,270,23195.0,23195.0,23075.0,23315.0,No
23091.2,120,280,23195.0,23195.0,23075.0,23315.0,No
23091.2,120,290,23195.0,23195.0,23075.0,23315.0,No
23091.2,120,300,23195.0,23195.0,23075.0,23315.0,No
23091.2,150,30,23195.0,23195.0,23045.0,23345.0,No
23091.2,150,40,23195.0,23195.0,23045.0,23345.0,No
23091.2,150,50,23195.0,23195.0,23045.0,23345.0,No
23091.2,150,60,23195.0,23195.0,23045.0,23345.0,No
23091.2,150,70,23195.0,23195.0,23045.0,23345.0,No
23091.2,150,80,23195.0,23195.0,23045.0,23345.0,No
23091.2,150,90,23195.0,23195.0,23045.0,23345.0,No
23091.2,150,100,23195.0,23195.0,23045.0,23345.0,No
23091.2,150,110,23195.0,23195.0,23045.0,23345.0,No
23091.2,150,120,23195.0,23195.0,23045.0,23345.0,No
23091.2,150,130,23195.0,23195.0,23045.0,23345.0,No
23091.2,150,140,23195.0,23195.0,23045.0,23345.0,No
23091.2,150,150,23195.0,23195.0,23045.0,23345.0,No
23091.2,150,160,23195.0,23195.0,23045.0,23345.0,No
23091.2,150,170,23195.0,23195.0,23045.0,23345.0,No
23091.2,150,180,23195.0,23195.0,23045.0,23345.0,No
23091.2,150,190,23195.0,23195.0,23045.0,23345.0,No
23091.2,150,200,23195.0,23195.0,23045.0,23345.0,No
23091.2,150,210,23195.0,23195.0,23045.0,23345.0,No
23091.2,150,220,23195.0,23195.0,23045.0,23345.0,No
23091.2,150,230,23195.0,23195.0,23045.0,23345.0,No
23091.2,150,240,23195.0,23195.0,23045.0,23345.0,No
23091.2,150,250,23195.0,23195.0,23045.0,23345.0,No
23091.2,150,260,23195.0,23195.0,23045.0,23345.0,No
23091.2,150,270,23195.0,23195.0,23045.0,23345.0,No
23091.2,150,280,23195.0,23195.0,23045.0,23345.0,No
23091.2,150,290,23195.0,23195.0,23045.0,23345.0,No
23091.2,150,300,23195.0,23195.0,23045.0,23345.0,No
22976.9,30,30,22852.1,22852.1,22822.1,22882.1,No
22976.9,30,40,22852.1,22852.1,22822.1,22882.1,No
22976.9,30,50,22852.1,22852.1,22822.1,22882.1,No
22976.9,30,60,22852.1,22852.1,22822.1,22882.1,No
22976.9,30,70,22852.1,22852.1,22822.1,22882.1,No
22976.9,30,80,22852.1,22852.1,22822.1,22882.1,No
22976.9,30,90,22852.1,22852.1,22822.1,22882.1,No
22976.9,30,100,22852.1,22852.1,22822.1,22882.1,No
22976.9,30,110,22852.1,22852.1,22822.1,22882.1,No
22976.9,30,120,22852.1,22852.1,22822.1,22882.1,No
22976.9,30,130,22852.1,22852.1,22822.1,22882.1,No
22976.9,30,140,22852.1,22852.1,22822.1,22882.1,No
22976.9,30,150,22852.1,22852.1,22822.1,22882.1,No
22976.9,30,160,22852.1,22852.1,22822.1,22882.1,No
22976.9,30,170,22852.1,22852.1,22822.1,22882.1,No
22976.9,30,180,22852.1,22852.1,22822.1,22882.1,No
22976.9,30,190,22852.1,22852.1,22822.1,22882.1,No
22976.9,30,200,22852.1,22852.1,22822.1,22882.1,No
22976.9,30,210,22852.1,22852.1,22822.1,22882.1,No
22976.9,30,220,22852.1,22852.1,22822.1,22882.1,No
22976.9,30,230,22852.1,22852.1,22822.1,22882.1,No
22976.9,30,240,22852.1,22852.1,22822.1,22882.1,No
22976.9,30,250,22852.1,22852.1,22822.1,22882.1,No
22976.9,30,260,22852.1,22852.1,22822.1,22882.1,No
22976.9,30,270,22852.1,22852.1,22822.1,22882.1,No
22976.9,30,280,22852.1,22852.1,22822.1,22882.1,No
22976.9,30,290,22852.1,22852.1,22822.1,22882.1,No
22976.9,30,300,22852.1,22852.1,22822.1,22882.1,No
22976.9,60,30,22852.1,22852.1,22792.1,22912.1,No
22976.9,60,40,22852.1,22852.1,22792.1,22912.1,No
22976.9,60,50,22852.1,22852.1,22792.1,22912.1,No
22976.9,60,60,22852.1,22852.1,22792.1,22912.1,No
22976.9,60,70,22852.1,22852.1,22792.1,22912.1,No
22976.9,60,80,22852.1,22852.1,22792.1,22912.1,No
22976.9,60,90,22852.1,22852.1,22792.1,22912.1,No
22976.9,60,100,22852.1,22852.1,22792.1,22912.1,No
22976.9,60,110,22852.1,22852.1,22792.1,22912.1,No
22976.9,60,120,22852.1,22852.1,22792.1,22912.1,No
22976.9,60,130,22852.1,22852.1,22792.1,22912.1,No
22976.9,60,140,22852.1,22852.1,22792.1,22912.1,No
22976.9,60,150,22852.1,22852.1,22792.1,22912.1,No
22976.9,60,160,22852.1,22852.1,22792.1,22912.1,No
22976.9,60,170,22852.1,22852.1,22792.1,22912.1,No
22976.9,60,180,22852.1,22852.1,22792.1,22912.1,No
22976.9,60,190,22852.1,22852.1,22792.1,22912.1,No
22976.9,60,200,22852.1,22852.1,22792.1,22912.1,No
22976.9,60,210,22852.1,22852.1,22792.1,22912.1,No
22976.9,60,220,22852.1,22852.1,22792.1,22912.1,No
22976.9,60,230,22852.1,22852.1,22792.1,22912.1,No
22976.9,60,240,22852.1,22852.1,22792.1,22912.1,No
22976.9,60,250,22852.1,22852.1,22792.1,22912.1,No
22976.9,60,260,22852.1,22852.1,22792.1,22912.1,No
22976.9,60,270,22852.1,22852.1,22792.1,22912.1,No
22976.9,60,280,22852.1,22852.1,22792.1,22912.1,No
22976.9,60,290,22852.1,22852.1,22792.1,22912.1,No
22976.9,60,300,22852.1,22852.1,22792.1,22912.1,No
22976.9,90,30,22852.1,22852.1,22762.1,22942.1,No
22976.9,90,40,22852.1,22852.1,22762.1,22942.1,No
22976.9,90,50,22852.1,22852.1,22762.1,22942.1,No
22976.9,90,60,22852.1,22852.1,22762.1,22942.1,No
22976.9,90,70,22852.1,22852.1,22762.1,22942.1,No
22976.9,90,80,22852.1,22852.1,22762.1,22942.1,No
22976.9,90,90,22852.1,22852.1,22762.1,22942.1,No
22976.9,90,100,22852.1,22852.1,22762.1,22942.1,No
22976.9,90,110,22852.1,22852.1,22762.1,22942.1,No
22976.9,90,120,22852.1,22852.1,22762.1,22942.1,No
22976.9,90,130,22852.1,22852.1,22762.1,22942.1,No
22976.9,90,140,22852.1,22852.1,22762.1,22942.1,No
22976.9,90,150,22852.1,22852.1,22762.1,22942.1,No
22976.9,90,160,22852.1,22852.1,22762.1,22942.1,No
22976.9,90,170,22852.1,22852.1,22762.1,22942.1,No
22976.9,90,180,22852.1,22852.1,22762.1,22942.1,No
22976.9,90,190,22852.1,22852.1,22762.1,22942.1,No
22976.9,90,200,22852.1,22852.1,22762.1,22942.1,No
22976.9,90,210,22852.1,22852.1,22762.1,22942.1,No
22976.9,90,220,22852.1,22852.1,22762.1,22942.1,No
22976.9,90,230,22852.1,22852.1,22762.1,22942.1,No
22976.9,90,240,22852.1,22852.1,22762.1,22942.1,No
22976.9,90,250,22852.1,22852.1,22762.1,22942.1,No
22976.9,90,260,22852.1,22852.1,22762.1,22942.1,No
22976.9,90,270,22852.1,22852.1,22762.1,22942.1,No
22976.9,90,280,22852.1,22852.1,22762.1,22942.1,No
22976.9,90,290,22852.1,22852.1,22762.1,22942.1,No
22976.9,90,300,22852.1,22852.1,22762.1,22942.1,No
22976.9,120,30,22852.1,22852.1,22732.1,22972.1,No
22976.9,120,40,22852.1,22852.1,22732.1,22972.1,No
22976.9,120,50,22852.1,22852.1,22732.1,22972.1,No
22976.9,120,60,22852.1,22852.1,22732.1,22972.1,No
22976.9,120,70,22852.1,22852.1,22732.1,22972.1,No
22976.9,120,80,22852.1,22852.1,22732.1,22972.1,No
22976.9,120,90,22852.1,22852.1,22732.1,22972.1,No
22976.9,120,100,22852.1,22852.1,22732.1,22972.1,No
22976.9,120,110,22852.1,22852.1,22732.1,22972.1,No
22976.9,120,120,22852.1,22852.1,22732.1,22972.1,No
22976.9,120,130,22852.1,22852.1,22732.1,22972.1,No
22976.9,120,140,22852.1,22852.1,22732.1,22972.1,No
22976.9,120,150,22852.1,22852.1,22732.1,22972.1,No
22976.9,120,160,22852.1,22852.1,22732.1,22972.1,No
22976.9,120,170,22852.1,22852.1,22732.1,22972.1,No
22976.9,120,180,22852.1,22852.1,22732.1,22972.1,No
22976.9,120,190,22852.1,22852.1,22732.1,22972.1,No
22976.9,120,200,22852.1,22852.1,22732.1,22972.1,No
22976.9,120,210,22852.1,22852.1,22732.1,22972.1,No
22976.9,120,220,22852.1,22852.1,22732.1,22972.1,No
22976.9,120,230,22852.1,22852.1,22732.1,22972.1,No
22976.9,120,240,22852.1,22852.1,22732.1,22972.1,No
22976.9,120,250,22852.1,22852.1,22732.1,22972.1,No
22976.9,120,260,22852.1,22852.1,22732.1,22972.1,No
22976.9,120,270,22852.1,22852.1,22732.1,22972.1,No
22976.9,120,280,22852.1,22852.1,22732.1,22972.1,No
22976.9,120,290,22852.1,22852.1,22732.1,22972.1,No
22976.9,120,300,22852.1,22852.1,22732.1,22972.1,No
22976.9,150,30,22852.1,22852.1,22702.1,23002.1,No
22976.9,150,40,22852.1,22852.1,22702.1,23002.1,No
22976.9,150,50,22852.1,22852.1,22702.1,23002.1,No
22976.9,150,60,22852.1,22852.1,22702.1,23002.1,No
22976.9,150,70,22852.1,22852.1,22702.1,23002.1,No
22976.9,150,80,22852.1,22852.1,22702.1,23002.1,No
22976.9,150,90,22852.1,22852.1,22702.1,23002.1,No
22976.9,150,100,22852.1,22852.1,22702.1,23002.1,No
22976.9,150,110,22852.1,22852.1,22702.1,23002.1,No
22976.9,150,120,22852.1,22852.1,22702.1,23002.1,No
22976.9,150,130,22852.1,22852.1,22702.1,23002.1,No
22976.9,150,140,22852.1,22852.1,22702.1,23002.1,No
22976.9,150,150,22852.1,22852.1,22702.1,23002.1,No
22976.9,150,160,22852.1,22852.1,22702.1,23002.1,No
22976.9,150,170,22852.1,22852.1,22702.1,23002.1,No
22976.9,150,180,22852.1,22852.1,22702.1,23002.1,No
22976.9,150,190,22852.1,22852.1,22702.1,23002.1,No
22976.9,150,200,22852.1,22852.1,22702.1,23002.1,No
22976.9,150,210,22852.1,22852.1,22702.1,23002.1,No
22976.9,150,220,22852.1,22852.1,22702.1,23002.1,No
22976.9,150,230,22852.1,22852.1,22702.1,23002.1,No
22976.9,150,240,22852.1,22852.1,22702.1,23002.1,No
22976.9,150,250,22852.1,22852.1,22702.1,23002.1,No
22976.9,150,260,22852.1,22852.1,22702.1,23002.1,No
22976.9,150,270,22852.1,22852.1,22702.1,23002.1,No
22976.9,150,280,22852.1,22852.1,22702.1,23002.1,No
22976.9,150,290,22852.1,22852.1,22702.1,23002.1,No
22976.9,150,300,22852.1,22852.1,22702.1,23002.1,No
23044.6,30,30,23003.45,23003.45,22973.45,23033.45,No
23044.6,30,40,23003.45,23003.45,22973.45,23033.45,No
23044.6,30,50,23003.45,23003.45,22973.45,23033.45,No
23044.6,30,60,23003.45,23003.45,22973.45,23033.45,No
23044.6,30,70,23003.45,23003.45,22973.45,23033.45,No
23044.6,30,80,23003.45,23003.45,22973.45,23033.45,No
23044.6,30,90,23003.45,23003.45,22973.45,23033.45,No
23044.6,30,100,23003.45,23003.45,22973.45,23033.45,No
23044.6,30,110,23003.45,23003.45,22973.45,23033.45,No
23044.6,30,120,23003.45,23003.45,22973.45,23033.45,No
23044.6,30,130,23003.45,23003.45,22973.45,23033.45,No
23044.6,30,140,23003.45,23003.45,22973.45,23033.45,No
23044.6,30,150,23003.45,23003.45,22973.45,23033.45,No
23044.6,30,160,23003.45,23003.45,22973.45,23033.45,No
23044.6,30,170,23003.45,23003.45,22973.45,23033.45,No
23044.6,30,180,23003.45,23003.45,22973.45,23033.45,No
23044.6,30,190,23003.45,23003.45,22973.45,23033.45,No
23044.6,30,200,23003.45,23003.45,22973.45,23033.45,No
23044.6,30,210,23003.45,23003.45,22973.45,23033.45,No
23044.6,30,220,23003.45,23003.45,22973.45,23033.45,No
23044.6,30,230,23003.45,23003.45,22973.45,23033.45,No
23044.6,30,240,23003.45,23003.45,22973.45,23033.45,No
23044.6,30,250,23003.45,23003.45,22973.45,23033.45,No
23044.6,30,260,23003.45,23003.45,22973.45,23033.45,No
23044.6,30,270,23003.45,23003.45,22973.45,23033.45,No
23044.6,30,280,23003.45,23003.45,22973.45,23033.45,No
23044.6,30,290,23003.45,23003.45,22973.45,23033.45,No
23044.6,30,300,23003.45,23003.45,22973.45,23033.45,No
23044.6,60,30,23003.45,23003.45,22943.45,23063.45,No
23044.6,60,40,23003.45,23003.45,22943.45,23063.45,No
23044.6,60,50,23003.45,23003.45,22943.45,23063.45,No
23044.6,60,60,23003.45,23003.45,22943.45,23063.45,No
23044.6,60,70,23003.45,23003.45,22943.45,23063.45,No
23044.6,60,80,23003.45,23003.45,22943.45,23063.45,No
23044.6,60,90,23003.45,23003.45,22943.45,23063.45,No
23044.6,60,100,23003.45,23003.45,22943.45,23063.45,No
23044.6,60,110,23003.45,23003.45,22943.45,23063.45,No
23044.6,60,120,23003.45,23003.45,22943.45,23063.45,No
23044.6,60,130,23003.45,23003.45,22943.45,23063.45,No
23044.6,60,140,23003.45,23003.45,22943.45,23063.45,No
23044.6,60,150,23003.45,23003.45,22943.45,23063.45,No
23044.6,60,160,23003.45,23003.45,22943.45,23063.45,No
23044.6,60,170,23003.45,23003.45,22943.45,23063.45,No
23044.6,60,180,23003.45,23003.45,22943.45,23063.45,No
23044.6,60,190,23003.45,23003.45,22943.45,23063.45,No
23044.6,60,200,23003.45,23003.45,22943.45,23063.45,No
23044.6,60,210,23003.45,23003.45,22943.45,23063.45,No
23044.6,60,220,23003.45,23003.45,22943.45,23063.45,No
23044.6,60,230,23003.45,23003.45,22943.45,23063.45,No
23044.6,60,240,23003.45,23003.45,22943.45,23063.45,No
23044.6,60,250,23003.45,23003.45,22943.45,23063.45,No
23044.6,60,260,23003.45,23003.45,22943.45,23063.45,No
23044.6,60,270,23003.45,23003.45,22943.45,23063.45,No
23044.6,60,280,23003.45,23003.45,22943.45,23063.45,No
23044.6,60,290,23003.45,23003.45,22943.45,23063.45,No
23044.6,60,300,23003.45,23003.45,22943.45,23063.45,No
23044.6,90,30,23003.45,23003.45,22913.45,23093.45,No
23044.6,90,40,23003.45,23003.45,22913.45,23093.45,No
23044.6,90,50,23003.45,23003.45,22913.45,23093.45,No
23044.6,90,60,23003.45,23003.45,22913.45,23093.45,No
23044.6,90,70,23003.45,23003.45,22913.45,23093.45,No
23044.6,90,80,23003.45,23003.45,22913.45,23093.45,No
23044.6,90,90,23003.45,23003.45,22913.45,23093.45,No
23044.6,90,100,23003.45,23003.45,22913.45,23093.45,No
23044.6,90,110,23003.45,23003.45,22913.45,23093.45,No
23044.6,90,120,23003.45,23003.45,22913.45,23093.45,No
23044.6,90,130,23003.45,23003.45,22913.45,23093.45,No
23044.6,90,140,23003.45,23003.45,22913.45,23093.45,No
23044.6,90,150,23003.45,23003.45,22913.45,23093.45,No
23044.6,90,160,23003.45,23003.45,22913.45,23093.45,No
23044.6,90,170,23003.45,23003.45,22913.45,23093.45,No
23044.6,90,180,23003.45,23003.45,22913.45,23093.45,No
23044.6,90,190,23003.45,23003.45,22913.45,23093.45,No
23044.6,90,200,23003.45,23003.45,22913.45,23093.45,No
23044.6,90,210,23003.45,23003.45,22913.45,23093.45,No
23044.6,90,220,23003.45,23003.45,22913.45,23093.45,No
23044.6,90,230,23003.45,23003.45,22913.45,23093.45,No
23044.6,90,240,23003.45,23003.45,22913.45,23093.45,No
23044.6,90,250,23003.45,23003.45,22913.45,23093.45,No
23044.6,90,260,23003.45,23003.45,22913.45,23093.45,No
23044.6,90,270,23003.45,23003.45,22913.45,23093.45,No
23044.6,90,280,23003.45,23003.45,22913.45,23093.45,No
23044.6,90,290,23003.45,23003.45,22913.45,23093.45,No
23044.6,90,300,23003.45,23003.45,22913.45,23093.45,No
23044.6,120,30,23003.45,23003.45,22883.45,23123.45,No
23044.6,120,40,23003.45,23003.45,22883.45,23123.45,No
23044.6,120,50,23003.45,23003.45,22883.45,23123.45,No
23044.6,120,60,23003.45,23003.45,22883.45,23123.45,No
23044.6,120,70,23003.45,23003.45,22883.45,23123.45,No
23044.6,120,80,23003.45,23003.45,22883.45,23123.45,No
23044.6,120,90,23003.45,23003.45,22883.45,23123.45,No
23044.6,120,100,23003.45,23003.45,22883.45,23123.45,No
23044.6,120,110,23003.45,23003.45,22883.45,23123.45,No
23044.6,120,120,23003.45,23003.45,22883.45,23123.45,No
23044.6,120,130,23003.45,23003.45,22883.45,23123.45,No
23044.6,120,140,23003.45,23003.45,22883.45,23123.45,No
23044.6,120,150,23003.45,23003.45,22883.45,23123.45,No
23044.6,120,160,23003.45,23003.45,22883.45,23123.45,No
23044.6,120,170,23003.45,23003.45,22883.45,23123.45,No
23044.6,120,180,23003.45,23003.45,22883.45,23123.45,No
23044.6,120,190,23003.45,23003.45,22883.45,23123.45,No
23044.6,120,200,23003.45,23003.45,22883.45,23123.45,No
23044.6,120,210,23003.45,23003.45,22883.45,23123.45,No
23044.6,120,220,23003.45,23003.45,22883.45,23123.45,No
23044.6,120,230,23003.45,23003.45,22883.45,23123.45,No
23044.6,120,240,23003.45,23003.45,22883.45,23123.45,No
23044.6,120,250,23003.45,23003.45,22883.45,23123.45,No
23044.6,120,260,23003.45,23003.45,22883.45,23123.45,No
23044.6,120,270,23003.45,23003.45,22883.45,23123.45,No
23044.6,120,280,23003.45,23003.45,22883.45,23123.45,No
23044.6,120,290,23003.45,23003.45,22883.45,23123.45,No
23044.6,120,300,23003.45,23003.45,22883.45,23123.45,No
23044.6,150,30,23003.45,23003.45,22853.45,23153.45,No
23044.6,150,40,23003.45,23003.45,22853.45,23153.45,No
23044.6,150,50,23003.45,23003.45,22853.45,23153.45,No
23044.6,150,60,23003.45,23003.45,22853.45,23153.45,No
23044.6,150,70,23003.45,23003.45,22853.45,23153.45,No
23044.6,150,80,23003.45,23003.45,22853.45,23153.45,No
23044.6,150,90,23003.45,23003.45,22853.45,23153.45,No
23044.6,150,100,23003.45,23003.45,22853.45,23153.45,No
23044.6,150,110,23003.45,23003.45,22853.45,23153.45,No
23044.6,150,120,23003.45,23003.45,22853.45,23153.45,No
23044.6,150,130,23003.45,23003.45,22853.45,23153.45,No
23044.6,150,140,23003.45,23003.45,22853.45,23153.45,No
23044.6,150,150,23003.45,23003.45,22853.45,23153.45,No
23044.6,150,160,23003.45,23003.45,22853.45,23153.45,No
23044.6,150,170,23003.45,23003.45,22853.45,23153.45,No
23044.6,150,180,23003.45,23003.45,22853.45,23153.45,No
23044.6,150,190,23003.45,23003.45,22853.45,23153.45,No
23044.6,150,200,23003.45,23003.45,22853.45,23153.45,No
23044.6,150,210,23003.45,23003.45,22853.45,23153.45,No
23044.6,150,220,23003.45,23003.45,22853.45,23153.45,No
23044.6,150,230,23003.45,23003.45,22853.45,23153.45,No
23044.6,150,240,23003.45,23003.45,22853.45,23153.45,No
23044.6,150,250,23003.45,23003.45,22853.45,23153.45,No
23044.6,150,260,23003.45,23003.45,22853.45,23153.45,No
23044.6,150,270,23003.45,23003.45,22853.45,23153.45,No
23044.6,150,280,23003.45,23003.45,22853.45,23153.45,No
23044.6,150,290,23003.45,23003.45,22853.45,23153.45,No
23044.6,150,300,23003.45,23003.45,22853.45,23153.45,No
22948.1,30,30,22894.0,22894.0,22864.0,22924.0,No
22948.1,30,40,22894.0,22894.0,22864.0,22924.0,No
22948.1,30,50,22894.0,22894.0,22864.0,22924.0,No
22948.1,30,60,22894.0,22894.0,22864.0,22924.0,No
22948.1,30,70,22894.0,22894.0,22864.0,22924.0,No
22948.1,30,80,22894.0,22894.0,22864.0,22924.0,No
22948.1,30,90,22894.0,22894.0,22864.0,22924.0,No
22948.1,30,100,22894.0,22894.0,22864.0,22924.0,No
22948.1,30,110,22894.0,22894.0,22864.0,22924.0,No
22948.1,30,120,22894.0,22894.0,22864.0,22924.0,No
22948.1,30,130,22894.0,22894.0,22864.0,22924.0,No
22948.1,30,140,22894.0,22894.0,22864.0,22924.0,No
22948.1,30,150,22894.0,22894.0,22864.0,22924.0,No
22948.1,30,160,22894.0,22894.0,22864.0,22924.0,No
22948.1,30,170,22894.0,22894.0,22864.0,22924.0,No
22948.1,30,180,22894.0,22894.0,22864.0,22924.0,No
22948.1,30,190,22894.0,22894.0,22864.0,22924.0,No
22948.1,30,200,22894.0,22894.0,22864.0,22924.0,No
22948.1,30,210,22894.0,22894.0,22864.0,22924.0,No
22948.1,30,220,22894.0,22894.0,22864.0,22924.0,No
22948.1,30,230,22894.0,22894.0,22864.0,22924.0,No
22948.1,30,240,22894.0,22894.0,22864.0,22924.0,No
22948.1,30,250,22894.0,22894.0,22864.0,22924.0,No
22948.1,30,260,22894.0,22894.0,22864.0,22924.0,No
22948.1,30,270,22894.0,22894.0,22864.0,22924.0,No
22948.1,30,280,22894.0,22894.0,22864.0,22924.0,No
22948.1,30,290,22894.0,22894.0,22864.0,22924.0,No
22948.1,30,300,22894.0,22894.0,22864.0,22924.0,No
22948.1,60,30,22894.0,22894.0,22834.0,22954.0,No
22948.1,60,40,22894.0,22894.0,22834.0,22954.0,No
22948.1,60,50,22894.0,22894.0,22834.0,22954.0,No
22948.1,60,60,22894.0,22894.0,22834.0,22954.0,No
22948.1,60,70,22894.0,22894.0,22834.0,22954.0,No
22948.1,60,80,22894.0,22894.0,22834.0,22954.0,No
22948.1,60,90,22894.0,22894.0,22834.0,22954.0,No
22948.1,60,100,22894.0,22894.0,22834.0,22954.0,No
22948.1,60,110,22894.0,22894.0,22834.0,22954.0,No
22948.1,60,120,22894.0,22894.0,22834.0,22954.0,No
22948.1,60,130,22894.0,22894.0,22834.0,22954.0,No
22948.1,60,140,22894.0,22894.0,22834.0,22954.0,No
22948.1,60,150,22894.0,22894.0,22834.0,22954.0,No
22948.1,60,160,22894.0,22894.0,22834.0,22954.0,No
22948.1,60,170,22894.0,22894.0,22834.0,22954.0,No
22948.1,60,180,22894.0,22894.0,22834.0,22954.0,No
22948.1,60,190,22894.0,22894.0,22834.0,22954.0,No
22948.1,60,200,22894.0,22894.0,22834.0,22954.0,No
22948.1,60,210,22894.0,22894.0,22834.0,22954.0,No
22948.1,60,220,22894.0,22894.0,22834.0,22954.0,No
22948.1,60,230,22894.0,22894.0,22834.0,22954.0,No
22948.1,60,240,22894.0,22894.0,22834.0,22954.0,No
22948.1,60,250,22894.0,22894.0,22834.0,22954.0,No
22948.1,60,260,22894.0,22894.0,22834.0,22954.0,No
22948.1,60,270,22894.0,22894.0,22834.0,22954.0,No
22948.1,60,280,22894.0,22894.0,22834.0,22954.0,No
22948.1,60,290,22894.0,22894.0,22834.0,22954.0,No
22948.1,60,300,22894.0,22894.0,22834.0,22954.0,No
22948.1,90,30,22894.0,22894.0,22804.0,22984.0,No
22948.1,90,40,22894.0,22894.0,22804.0,22984.0,No
22948.1,90,50,22894.0,22894.0,22804.0,22984.0,No
22948.1,90,60,22894.0,22894.0,22804.0,22984.0,No
22948.1,90,70,22894.0,22894.0,22804.0,22984.0,No
22948.1,90,80,22894.0,22894.0,22804.0,22984.0,No
22948.1,90,90,22894.0,22894.0,22804.0,22984.0,No
22948.1,90,100,22894.0,22894.0,22804.0,22984.0,No
22948.1,90,110,22894.0,22894.0,22804.0,22984.0,No
22948.1,90,120,22894.0,22894.0,22804.0,22984.0,No
22948.1,90,130,22894.0,22894.0,22804.0,22984.0,No
22948.1,90,140,22894.0,22894.0,22804.0,22984.0,No
22948.1,90,150,22894.0,22894.0,22804.0,22984.0,No
22948.1,90,160,22894.0,22894.0,22804.0,22984.0,No
22948.1,90,170,22894.0,22894.0,22804.0,22984.0,No
22948.1,90,180,22894.0,22894.0,22804.0,22984.0,No
22948.1,90,190,22894.0,22894.0,22804.0,22984.0,No
22948.1,90,200,22894.0,22894.0,22804.0,22984.0,No
22948.1,90,210,22894.0,22894.0,22804.0,22984.0,No
22948.1,90,220,22894.0,22894.0,22804.0,22984.0,No
22948.1,90,230,22894.0,22894.0,22804.0,22984.0,No
22948.1,90,240,22894.0,22894.0,22804.0,22984.0,No
22948.1,90,250,22894.0,22894.0,22804.0,22984.0,No
22948.1,90,260,22894.0,22894.0,22804.0,22984.0,No
22948.1,90,270,22894.0,22894.0,22804.0,22984.0,No
22948.1,90,280,22894.0,22894.0,22804.0,22984.0,No
22948.1,90,290,22894.0,22894.0,22804.0,22984.0,No
22948.1,90,300,22894.0,22894.0,22804.0,22984.0,No
22948.1,120,30,22894.0,22894.0,22774.0,23014.0,No
22948.1,120,40,22894.0,22894.0,22774.0,23014.0,No
22948.1,120,50,22894.0,22894.0,22774.0,23014.0,No
22948.1,120,60,22894.0,22894.0,22774.0,23014.0,No
22948.1,120,70,22894.0,22894.0,22774.0,23014.0,No
22948.1,120,80,22894.0,22894.0,22774.0,23014.0,No
22948.1,120,90,22894.0,22894.0,22774.0,23014.0,No
22948.1,120,100,22894.0,22894.0,22774.0,23014.0,No
22948.1,120,110,22894.0,22894.0,22774.0,23014.0,No
22948.1,120,120,22894.0,22894.0,22774.0,23014.0,No
22948.1,120,130,22894.0,22894.0,22774.0,23014.0,No
22948.1,120,140,22894.0,22894.0,22774.0,23014.0,No
22948.1,120,150,22894.0,22894.0,22774.0,23014.0,No
22948.1,120,160,22894.0,22894.0,22774.0,23014.0,No
22948.1,120,170,22894.0,22894.0,22774.0,23014.0,No
22948.1,120,180,22894.0,22894.0,22774.0,23014.0,No
22948.1,120,190,22894.0,22894.0,22774.0,23014.0,No
22948.1,120,200,22894.0,22894.0,22774.0,23014.0,No
22948.1,120,210,22894.0,22894.0,22774.0,23014.0,No
22948.1,120,220,22894.0,22894.0,22774.0,23014.0,No
22948.1,120,230,22894.0,22894.0,22774.0,23014.0,No
22948.1,120,240,22894.0,22894.0,22774.0,23014.0,No
22948.1,120,250,22894.0,22894.0,22774.0,23014.0,No
22948.1,120,260,22894.0,22894.0,22774.0,23014.0,No
22948.1,120,270,22894.0,22894.0,22774.0,23014.0,No
22948.1,120,280,22894.0,22894.0,22774.0,23014.0,No
22948.1,120,290,22894.0,22894.0,22774.0,23014.0,No
22948.1,120,300,22894.0,22894.0,22774.0,23014.0,No
22948.1,150,30,22894.0,22894.0,22744.0,23044.0,No
22948.1,150,40,22894.0,22894.0,22744.0,23044.0,No
22948.1,150,50,22894.0,22894.0,22744.0,23044.0,No
22948.1,150,60,22894.0,22894.0,22744.0,23044.0,No
22948.1,150,70,22894.0,22894.0,22744.0,23044.0,No
22948.1,150,80,22894.0,22894.0,22744.0,23044.0,No
22948.1,150,90,22894.0,22894.0,22744.0,23044.0,No
22948.1,150,100,22894.0,22894.0,22744.0,23044.0,No
22948.1,150,110,22894.0,22894.0,22744.0,23044.0,No
22948.1,150,120,22894.0,22894.0,22744.0,23044.0,No
22948.1,150,130,22894.0,22894.0,22744.0,23044.0,No
22948.1,150,140,22894.0,22894.0,22744.0,23044.0,No
22948.1,150,150,22894.0,22894.0,22744.0,23044.0,No
22948.1,150,160,22894.0,22894.0,22744.0,23044.0,No
22948.1,150,170,22894.0,22894.0,22744.0,23044.0,No
22948.1,150,180,22894.0,22894.0,22744.0,23044.0,No
22948.1,150,190,22894.0,22894.0,22744.0,23044.0,No
22948.1,150,200,22894.0,22894.0,22744.0,23044.0,No
22948.1,150,210,22894.0,22894.0,22744.0,23044.0,No
22948.1,150,220,22894.0,22894.0,22744.0,23044.0,No
22948.1,150,230,22894.0,22894.0,22744.0,23044.0,No
22948.1,150,240,22894.0,22894.0,22744.0,23044.0,No
22948.1,150,250,22894.0,22894.0,22744.0,23044.0,No
22948.1,150,260,22894.0,22894.0,22744.0,23044.0,No
22948.1,150,270,22894.0,22894.0,22744.0,23044.0,No
22948.1,150,280,22894.0,22894.0,22744.0,23044.0,No
22948.1,150,290,22894.0,22894.0,22744.0,23044.0,No
22948.1,150,300,22894.0,22894.0,22744.0,23044.0,No
22950.05,30,30,22909.55,22909.55,22879.55,22939.55,No
22950.05,30,40,22909.55,22909.55,22879.55,22939.55,No
22950.05,30,50,22909.55,22909.55,22879.55,22939.55,No
22950.05,30,60,22909.55,22909.55,22879.55,22939.55,No
22950.05,30,70,22909.55,22909.55,22879.55,22939.55,No
22950.05,30,80,22909.55,22909.55,22879.55,22939.55,No
22950.05,30,90,22909.55,22909.55,22879.55,22939.55,No
22950.05,30,100,22909.55,22909.55,22879.55,22939.55,No
22950.05,30,110,22909.55,22909.55,22879.55,22939.55,No
22950.05,30,120,22909.55,22909.55,22879.55,22939.55,No
22950.05,30,130,22909.55,22909.55,22879.55,22939.55,No
22950.05,30,140,22909.55,22909.55,22879.55,22939.55,No
22950.05,30,150,22909.55,22909.55,22879.55,22939.55,No
22950.05,30,160,22909.55,22909.55,22879.55,22939.55,No
22950.05,30,170,22909.55,22909.55,22879.55,22939.55,No
22950.05,30,180,22909.55,22909.55,22879.55,22939.55,No
22950.05,30,190,22909.55,22909.55,22879.55,22939.55,No
22950.05,30,200,22909.55,22909.55,22879.55,22939.55,No
22950.05,30,210,22909.55,22909.55,22879.55,22939.55,No
22950.05,30,220,22909.55,22909.55,22879.55,22939.55,No
22950.05,30,230,22909.55,22909.55,22879.55,22939.55,No
22950.05,30,240,22909.55,22909.55,22879.55,22939.55,No
22950.05,30,250,22909.55,22909.55,22879.55,22939.55,No
22950.05,30,260,22909.55,22909.55,22879.55,22939.55,No
22950.05,30,270,22909.55,22909.55,22879.55,22939.55,No
22950.05,30,280,22909.55,22909.55,22879.55,22939.55,No
22950.05,30,290,22909.55,22909.55,22879.55,22939.55,No
22950.05,30,300,22909.55,22909.55,22879.55,22939.55,No
22950.05,60,30,22909.55,22909.55,22849.55,22969.55,No
22950.05,60,40,22909.55,22909.55,22849.55,22969.55,No
22950.05,60,50,22909.55,22909.55,22849.55,22969.55,No
22950.05,60,60,22909.55,22909.55,22849.55,22969.55,No
22950.05,60,70,22909.55,22909.55,22849.55,22969.55,No
22950.05,60,80,22909.55,22909.55,22849.55,22969.55,No
22950.05,60,90,22909.55,22909.55,22849.55,22969.55,No
22950.05,60,100,22909.55,22909.55,22849.55,22969.55,No
22950.05,60,110,22909.55,22909.55,22849.55,22969.55,No
22950.05,60,120,22909.55,22909.55,22849.55,22969.55,No
22950.05,60,130,22909.55,22909.55,22849.55,22969.55,No
22950.05,60,140,22909.55,22909.55,22849.55,22969.55,No
22950.05,60,150,22909.55,22909.55,22849.55,22969.55,No
22950.05,60,160,22909.55,22909.55,22849.55,22969.55,No
22950.05,60,170,22909.55,22909.55,22849.55,22969.55,No
22950.05,60,180,22909.55,22909.55,22849.55,22969.55,No
22950.05,60,190,22909.55,22909.55,22849.55,22969.55,No
22950.05,60,200,22909.55,22909.55,22849.55,22969.55,No
22950.05,60,210,22909.55,22909.55,22849.55,22969.55,No
22950.05,60,220,22909.55,22909.55,22849.55,22969.55,No
22950.05,60,230,22909.55,22909.55,22849.55,22969.55,No
22950.05,60,240,22909.55,22909.55,22849.55,22969.55,No
22950.05,60,250,22909.55,22909.55,22849.55,22969.55,No
22950.05,60,260,22909.55,22909.55,22849.55,22969.55,No
22950.05,60,270,22909.55,22909.55,22849.55,22969.55,No
22950.05,60,280,22909.55,22909.55,22849.55,22969.55,No
22950.05,60,290,22909.55,22909.55,22849.55,22969.55,No
22950.05,60,300,22909.55,22909.55,22849.55,22969.55,No
22950.05,90,30,22909.55,22909.55,22819.55,22999.55,No
22950.05,90,40,22909.55,22909.55,22819.55,22999.55,No
22950.05,90,50,22909.55,22909.55,22819.55,22999.55,No
22950.05,90,60,22909.55,22909.55,22819.55,22999.55,No
22950.05,90,70,22909.55,22909.55,22819.55,22999.55,No
22950.05,90,80,22909.55,22909.55,22819.55,22999.55,No
22950.05,90,90,22909.55,22909.55,22819.55,22999.55,No
22950.05,90,100,22909.55,22909.55,22819.55,22999.55,No
22950.05,90,110,22909.55,22909.55,22819.55,22999.55,No
22950.05,90,120,22909.55,22909.55,22819.55,22999.55,No
22950.05,90,130,22909.55,22909.55,22819.55,22999.55,No
22950.05,90,140,22909.55,22909.55,22819.55,22999.55,No
22950.05,90,150,22909.55,22909.55,22819.55,22999.55,No
22950.05,90,160,22909.55,22909.55,22819.55,22999.55,No
22950.05,90,170,22909.55,22909.55,22819.55,22999.55,No
22950.05,90,180,22909.55,22909.55,22819.55,22999.55,No
22950.05,90,190,22909.55,22909.55,22819.55,22999.55,No
22950.05,90,200,22909.55,22909.55,22819.55,22999.55,No
22950.05,90,210,22909.55,22909.55,22819.55,22999.55,No
22950.05,90,220,22909.55,22909.55,22819.55,22999.55,No
22950.05,90,230,22909.55,22909.55,22819.55,22999.55,No
22950.05,90,240,22909.55,22909.55,22819.55,22999.55,No
22950.05,90,250,22909.55,22909.55,22819.55,22999.55,No
22950.05,90,260,22909.55,22909.55,22819.55,22999.55,No
22950.05,90,270,22909.55,22909.55,22819.55,22999.55,No
22950.05,90,280,22909.55,22909.55,22819.55,22999.55,No
22950.05,90,290,22909.55,22909.55,22819.55,22999.55,No
22950.05,90,300,22909.55,22909.55,22819.55,22999.55,No
22950.05,120,30,22909.55,22909.55,22789.55,23029.55,No
22950.05,120,40,22909.55,22909.55,22789.55,23029.55,No
22950.05,120,50,22909.55,22909.55,22789.55,23029.55,No
22950.05,120,60,22909.55,22909.55,22789.55,23029.55,No
22950.05,120,70,22909.55,22909.55,22789.55,23029.55,No
22950.05,120,80,22909.55,22909.55,22789.55,23029.55,No
22950.05,120,90,22909.55,22909.55,22789.55,23029.55,No
22950.05,120,100,22909.55,22909.55,22789.55,23029.55,No
22950.05,120,110,22909.55,22909.55,22789.55,23029.55,No
22950.05,120,120,22909.55,22909.55,22789.55,23029.55,No
22950.05,120,130,22909.55,22909.55,22789.55,23029.55,No
22950.05,120,140,22909.55,22909.55,22789.55,23029.55,No
22950.05,120,150,22909.55,22909.55,22789.55,23029.55,No
22950.05,120,160,22909.55,22909.55,22789.55,23029.55,No
22950.05,120,170,22909.55,22909.55,22789.55,23029.55,No
22950.05,120,180,22909.55,22909.55,22789.55,23029.55,No
22950.05,120,190,22909.55,22909.55,22789.55,23029.55,No
22950.05,120,200,22909.55,22909.55,22789.55,23029.55,No
22950.05,120,210,22909.55,22909.55,22789.55,23029.55,No
22950.05,120,220,22909.55,22909.55,22789.55,23029.55,No
22950.05,120,230,22909.55,22909.55,22789.55,23029.55,No
22950.05,120,240,22909.55,22909.55,22789.55,23029.55,No
22950.05,120,250,22909.55,22909.55,22789.55,23029.55,No
22950.05,120,260,22909.55,22909.55,22789.55,23029.55,No
22950.05,120,270,22909.55,22909.55,22789.55,23029.55,No
22950.05,120,280,22909.55,22909.55,22789.55,23029.55,No
22950.05,120,290,22909.55,22909.55,22789.55,23029.55,No
22950.05,120,300,22909.55,22909.55,22789.55,23029.55,No
22950.05,150,30,22909.55,22909.55,22759.55,23059.55,No
22950.05,150,40,22909.55,22909.55,22759.55,23059.55,No
22950.05,150,50,22909.55,22909.55,22759.55,23059.55,No
22950.05,150,60,22909.55,22909.55,22759.55,23059.55,No
22950.05,150,70,22909.55,22909.55,22759.55,23059.55,No
22950.05,150,80,22909.55,22909.55,22759.55,23059.55,No
22950.05,150,90,22909.55,22909.55,22759.55,23059.55,No
22950.05,150,100,22909.55,22909.55,22759.55,23059.55,No
22950.05,150,110,22909.55,22909.55,22759.55,23059.55,No
22950.05,150,120,22909.55,22909.55,22759.55,23059.55,No
22950.05,150,130,22909.55,22909.55,22759.55,23059.55,No
22950.05,150,140,22909.55,22909.55,22759.55,23059.55,No
22950.05,150,150,22909.55,22909.55,22759.55,23059.55,No
22950.05,150,160,22909.55,22909.55,22759.55,23059.55,No
22950.05,150,170,22909.55,22909.55,22759.55,23059.55,No
22950.05,150,180,22909.55,22909.55,22759.55,23059.55,No
22950.05,150,190,22909.55,22909.55,22759.55,23059.55,No
22950.05,150,200,22909.55,22909.55,22759.55,23059.55,No
22950.05,150,210,22909.55,22909.55,22759.55,23059.55,No
22950.05,150,220,22909.55,22909.55,22759.55,23059.55,No
22950.05,150,230,22909.55,22909.55,22759.55,23059.55,No
22950.05,150,240,22909.55,22909.55,22759.55,23059.55,No
22950.05,150,250,22909.55,22909.55,22759.55,23059.55,No
22950.05,150,260,22909.55,22909.55,22759.55,23059.55,No
22950.05,150,270,22909.55,22909.55,22759.55,23059.55,No
22950.05,150,280,22909.55,22909.55,22759.55,23059.55,No
22950.05,150,290,22909.55,22909.55,22759.55,23059.55,No
22950.05,150,300,22909.55,22909.55,22759.55,23059.55,No
22934.9,30,30,22914.8,22914.8,22884.8,22944.8,No
22934.9,30,40,22914.8,22914.8,22884.8,22944.8,No
22934.9,30,50,22914.8,22914.8,22884.8,22944.8,No
22934.9,30,60,22914.8,22914.8,22884.8,22944.8,No
22934.9,30,70,22914.8,22914.8,22884.8,22944.8,No
22934.9,30,80,22914.8,22914.8,22884.8,22944.8,No
22934.9,30,90,22914.8,22914.8,22884.8,22944.8,No
22934.9,30,100,22914.8,22914.8,22884.8,22944.8,No
22934.9,30,110,22914.8,22914.8,22884.8,22944.8,No
22934.9,30,120,22914.8,22914.8,22884.8,22944.8,No
22934.9,30,130,22914.8,22914.8,22884.8,22944.8,No
22934.9,30,140,22914.8,22914.8,22884.8,22944.8,No
22934.9,30,150,22914.8,22914.8,22884.8,22944.8,No
22934.9,30,160,22914.8,22914.8,22884.8,22944.8,No
22934.9,30,170,22914.8,22914.8,22884.8,22944.8,No
22934.9,30,180,22914.8,22914.8,22884.8,22944.8,No
22934.9,30,190,22914.8,22914.8,22884.8,22944.8,No
22934.9,30,200,22914.8,22914.8,22884.8,22944.8,No
22934.9,30,210,22914.8,22914.8,22884.8,22944.8,No
22934.9,30,220,22914.8,22914.8,22884.8,22944.8,No
22934.9,30,230,22914.8,22914.8,22884.8,22944.8,No
22934.9,30,240,22914.8,22914.8,22884.8,22944.8,No
22934.9,30,250,22914.8,22914.8,22884.8,22944.8,No
22934.9,30,260,22914.8,22914.8,22884.8,22944.8,No
22934.9,30,270,22914.8,22914.8,22884.8,22944.8,No
22934.9,30,280,22914.8,22914.8,22884.8,22944.8,No
22934.9,30,290,22914.8,22914.8,22884.8,22944.8,No
22934.9,30,300,22914.8,22914.8,22884.8,22944.8,No
22934.9,60,30,22914.8,22914.8,22854.8,22974.8,No
22934.9,60,40,22914.8,22914.8,22854.8,22974.8,No
22934.9,60,50,22914.8,22914.8,22854.8,22974.8,No
22934.9,60,60,22914.8,22914.8,22854.8,22974.8,No
22934.9,60,70,22914.8,22914.8,22854.8,22974.8,No
22934.9,60,80,22914.8,22914.8,22854.8,22974.8,No
22934.9,60,90,22914.8,22914.8,22854.8,22974.8,No
22934.9,60,100,22914.8,22914.8,22854.8,22974.8,No
22934.9,60,110,22914.8,22914.8,22854.8,22974.8,No
22934.9,60,120,22914.8,22914.8,22854.8,22974.8,No
22934.9,60,130,22914.8,22914.8,22854.8,22974.8,No
22934.9,60,140,22914.8,22914.8,22854.8,22974.8,No
22934.9,60,150,22914.8,22914.8,22854.8,22974.8,No
22934.9,60,160,22914.8,22914.8,22854.8,22974.8,No
22934.9,60,170,22914.8,22914.8,22854.8,22974.8,No
22934.9,60,180,22914.8,22914.8,22854.8,22974.8,No
22934.9,60,190,22914.8,22914.8,22854.8,22974.8,No
22934.9,60,200,22914.8,22914.8,22854.8,22974.8,No
22934.9,60,210,22914.8,22914.8,22854.8,22974.8,No
22934.9,60,220,22914.8,22914.8,22854.8,22974.8,No
22934.9,60,230,22914.8,22914.8,22854.8,22974.8,No
22934.9,60,240,22914.8,22914.8,22854.8,22974.8,No
22934.9,60,250,22914.8,22914.8,22854.8,22974.8,No
22934.9,60,260,22914.8,22914.8,22854.8,22974.8,No
22934.9,60,270,22914.8,22914.8,22854.8,22974.8,No
22934.9,60,280,22914.8,22914.8,22854.8,22974.8,No
22934.9,60,290,22914.8,22914.8,22854.8,22974.8,No
22934.9,60,300,22914.8,22914.8,22854.8,22974.8,No
22934.9,90,30,22914.8,22914.8,22824.8,23004.8,No
22934.9,90,40,22914.8,22914.8,22824.8,23004.8,No
22934.9,90,50,22914.8,22914.8,22824.8,23004.8,No
22934.9,90,60,22914.8,22914.8,22824.8,23004.8,No
22934.9,90,70,22914.8,22914.8,22824.8,23004.8,No
22934.9,90,80,22914.8,22914.8,22824.8,23004.8,No
22934.9,90,90,22914.8,22914.8,22824.8,23004.8,No
22934.9,90,100,22914.8,22914.8,22824.8,23004.8,No
22934.9,90,110,22914.8,22914.8,22824.8,23004.8,No
22934.9,90,120,22914.8,22914.8,22824.8,23004.8,No
22934.9,90,130,22914.8,22914.8,22824.8,23004.8,No
22934.9,90,140,22914.8,22914.8,22824.8,23004.8,No
22934.9,90,150,22914.8,22914.8,22824.8,23004.8,No
22934.9,90,160,22914.8,22914.8,22824.8,23004.8,No
22934.9,90,170,22914.8,22914.8,22824.8,23004.8,No
22934.9,90,180,22914.8,22914.8,22824.8,23004.8,No
22934.9,90,190,22914.8,22914.8,22824.8,23004.8,No
22934.9,90,200,22914.8,22914.8,22824.8,23004.8,No
22934.9,90,210,22914.8,22914.8,22824.8,23004.8,No
22934.9,90,220,22914.8,22914.8,22824.8,23004.8,No
22934.9,90,230,22914.8,22914.8,22824.8,23004.8,No
22934.9,90,240,22914.8,22914.8,22824.8,23004.8,No
22934.9,90,250,22914.8,22914.8,22824.8,23004.8,No
22934.9,90,260,22914.8,22914.8,22824.8,23004.8,No
22934.9,90,270,22914.8,22914.8,22824.8,23004.8,No
22934.9,90,280,22914.8,22914.8,22824.8,23004.8,No
22934.9,90,290,22914.8,22914.8,22824.8,23004.8,No
22934.9,90,300,22914.8,22914.8,22824.8,23004.8,No
22934.9,120,30,22914.8,22914.8,22794.8,23034.8,No
22934.9,120,40,22914.8,22914.8,22794.8,23034.8,No
22934.9,120,50,22914.8,22914.8,22794.8,23034.8,No
22934.9,120,60,22914.8,22914.8,22794.8,23034.8,No
22934.9,120,70,22914.8,22914.8,22794.8,23034.8,No
22934.9,120,80,22914.8,22914.8,22794.8,23034.8,No
22934.9,120,90,22914.8,22914.8,22794.8,23034.8,No
22934.9,120,100,22914.8,22914.8,22794.8,23034.8,No
22934.9,120,110,22914.8,22914.8,22794.8,23034.8,No
22934.9,120,120,22914.8,22914.8,22794.8,23034.8,No
22934.9,120,130,22914.8,22914.8,22794.8,23034.8,No
22934.9,120,140,22914.8,22914.8,22794.8,23034.8,No
22934.9,120,150,22914.8,22914.8,22794.8,23034.8,No
22934.9,120,160,22914.8,22914.8,22794.8,23034.8,No
22934.9,120,170,22914.8,22914.8,22794.8,23034.8,No
22934.9,120,180,22914.8,22914.8,22794.8,23034.8,No
22934.9,120,190,22914.8,22914.8,22794.8,23034.8,No
22934.9,120,200,22914.8,22914.8,22794.8,23034.8,No
22934.9,120,210,22914.8,22914.8,22794.8,23034.8,No
22934.9,120,220,22914.8,22914.8,22794.8,23034.8,No
22934.9,120,230,22914.8,22914.8,22794.8,23034.8,No
22934.9,120,240,22914.8,22914.8,22794.8,23034.8,No
22934.9,120,250,22914.8,22914.8,22794.8,23034.8,No
22934.9,120,260,22914.8,22914.8,22794.8,23034.8,No
22934.9,120,270,22914.8,22914.8,22794.8,23034.8,No
22934.9,120,280,22914.8,22914.8,22794.8,23034.8,No
22934.9,120,290,22914.8,22914.8,22794.8,23034.8,No
22934.9,120,300,22914.8,22914.8,22794.8,23034.8,No
22934.9,150,30,22914.8,22914.8,22764.8,23064.8,No
22934.9,150,40,22914.8,22914.8,22764.8,23064.8,No
22934.9,150,50,22914.8,22914.8,22764.8,23064.8,No
22934.9,150,60,22914.8,22914.8,22764.8,23064.8,No
22934.9,150,70,22914.8,22914.8,22764.8,23064.8,No
22934.9,150,80,22914.8,22914.8,22764.8,23064.8,No
22934.9,150,90,22914.8,22914.8,22764.8,23064.8,No
22934.9,150,100,22914.8,22914.8,22764.8,23064.8,No
22934.9,150,110,22914.8,22914.8,22764.8,23064.8,No
22934.9,150,120,22914.8,22914.8,22764.8,23064.8,No
22934.9,150,130,22914.8,22914.8,22764.8,23064.8,No
22934.9,150,140,22914.8,22914.8,22764.8,23064.8,No
22934.9,150,150,22914.8,22914.8,22764.8,23064.8,No
22934.9,150,160,22914.8,22914.8,22764.8,23064.8,No
22934.9,150,170,22914.8,22914.8,22764.8,23064.8,No
22934.9,150,180,22914.8,22914.8,22764.8,23064.8,No
22934.9,150,190,22914.8,22914.8,22764.8,23064.8,No
22934.9,150,200,22914.8,22914.8,22764.8,23064.8,No
22934.9,150,210,22914.8,22914.8,22764.8,23064.8,No
22934.9,150,220,22914.8,22914.8,22764.8,23064.8,No
22934.9,150,230,22914.8,22914.8,22764.8,23064.8,No
22934.9,150,240,22914.8,22914.8,22764.8,23064.8,No
22934.9,150,250,22914.8,22914.8,22764.8,23064.8,No
22934.9,150,260,22914.8,22914.8,22764.8,23064.8,No
22934.9,150,270,22914.8,22914.8,22764.8,23064.8,No
22934.9,150,280,22914.8,22914.8,22764.8,23064.8,No
22934.9,150,290,22914.8,22914.8,22764.8,23064.8,No
22934.9,150,300,22914.8,22914.8,22764.8,23064.8,No
22799.6,30,30,22720.15,22720.15,22690.15,22750.15,No
22799.6,30,40,22720.15,22720.15,22690.15,22750.15,No
22799.6,30,50,22720.15,22720.15,22690.15,22750.15,No
22799.6,30,60,22720.15,22720.15,22690.15,22750.15,No
22799.6,30,70,22720.15,22720.15,22690.15,22750.15,No
22799.6,30,80,22720.15,22720.15,22690.15,22750.15,No
22799.6,30,90,22720.15,22720.15,22690.15,22750.15,No
22799.6,30,100,22720.15,22720.15,22690.15,22750.15,No
22799.6,30,110,22720.15,22720.15,22690.15,22750.15,No
22799.6,30,120,22720.15,22720.15,22690.15,22750.15,No
22799.6,30,130,22720.15,22720.15,22690.15,22750.15,No
22799.6,30,140,22720.15,22720.15,22690.15,22750.15,No
22799.6,30,150,22720.15,22720.15,22690.15,22750.15,No
22799.6,30,160,22720.15,22720.15,22690.15,22750.15,No
22799.6,30,170,22720.15,22720.15,22690.15,22750.15,No
22799.6,30,180,22720.15,22720.15,22690.15,22750.15,No
22799.6,30,190,22720.15,22720.15,22690.15,22750.15,No
22799.6,30,200,22720.15,22720.15,22690.15,22750.15,No
22799.6,30,210,22720.15,22720.15,22690.15,22750.15,No
22799.6,30,220,22720.15,22720.15,22690.15,22750.15,No
22799.6,30,230,22720.15,22720.15,22690.15,22750.15,No
22799.6,30,240,22720.15,22720.15,22690.15,22750.15,No
22799.6,30,250,22720.15,22720.15,22690.15,22750.15,No
22799.6,30,260,22720.15,22720.15,22690.15,22750.15,No
22799.6,30,270,22720.15,22720.15,22690.15,22750.15,No
22799.6,30,280,22720.15,22720.15,22690.15,22750.15,No
22799.6,30,290,22720.15,22720.15,22690.15,22750.15,No
22799.6,30,300,22720.15,22720.15,22690.15,22750.15,No
22799.6,60,30,22720.15,22720.15,22660.15,22780.15,No
22799.6,60,40,22720.15,22720.15,22660.15,22780.15,No
22799.6,60,50,22720.15,22720.15,22660.15,22780.15,No
22799.6,60,60,22720.15,22720.15,22660.15,22780.15,No
22799.6,60,70,22720.15,22720.15,22660.15,22780.15,No
22799.6,60,80,22720.15,22720.15,22660.15,22780.15,No
22799.6,60,90,22720.15,22720.15,22660.15,22780.15,No
22799.6,60,100,22720.15,22720.15,22660.15,22780.15,No
22799.6,60,110,22720.15,22720.15,22660.15,22780.15,No
22799.6,60,120,22720.15,22720.15,22660.15,22780.15,No
22799.6,60,130,22720.15,22720.15,22660.15,22780.15,No
22799.6,60,140,22720.15,22720.15,22660.15,22780.15,No
22799.6,60,150,22720.15,22720.15,22660.15,22780.15,No
22799.6,60,160,22720.15,22720.15,22660.15,22780.15,No
22799.6,60,170,22720.15,22720.15,22660.15,22780.15,No
22799.6,60,180,22720.15,22720.15,22660.15,22780.15,No
22799.6,60,190,22720.15,22720.15,22660.15,22780.15,No
22799.6,60,200,22720.15,22720.15,22660.15,22780.15,No
22799.6,60,210,22720.15,22720.15,22660.15,22780.15,No
22799.6,60,220,22720.15,22720.15,22660.15,22780.15,No
22799.6,60,230,22720.15,22720.15,22660.15,22780.15,No
22799.6,60,240,22720.15,22720.15,22660.15,22780.15,No
22799.6,60,250,22720.15,22720.15,22660.15,22780.15,No
22799.6,60,260,22720.15,22720.15,22660.15,22780.15,No
22799.6,60,270,22720.15,22720.15,22660.15,22780.15,No
22799.6,60,280,22720.15,22720.15,22660.15,22780.15,No
22799.6,60,290,22720.15,22720.15,22660.15,22780.15,No
22799.6,60,300,22720.15,22720.15,22660.15,22780.15,No
22799.6,90,30,22720.15,22720.15,22630.15,22810.15,No
22799.6,90,40,22720.15,22720.15,22630.15,22810.15,No
22799.6,90,50,22720.15,22720.15,22630.15,22810.15,No
22799.6,90,60,22720.15,22720.15,22630.15,22810.15,No
22799.6,90,70,22720.15,22720.15,22630.15,22810.15,No
22799.6,90,80,22720.15,22720.15,22630.15,22810.15,No
22799.6,90,90,22720.15,22720.15,22630.15,22810.15,No
22799.6,90,100,22720.15,22720.15,22630.15,22810.15,No
22799.6,90,110,22720.15,22720.15,22630.15,22810.15,No
22799.6,90,120,22720.15,22720.15,22630.15,22810.15,No
22799.6,90,130,22720.15,22720.15,22630.15,22810.15,No
22799.6,90,140,22720.15,22720.15,22630.15,22810.15,No
22799.6,90,150,22720.15,22720.15,22630.15,22810.15,No
22799.6,90,160,22720.15,22720.15,22630.15,22810.15,No
22799.6,90,170,22720.15,22720.15,22630.15,22810.15,No
22799.6,90,180,22720.15,22720.15,22630.15,22810.15,No
22799.6,90,190,22720.15,22720.15,22630.15,22810.15,No
22799.6,90,200,22720.15,22720.15,22630.15,22810.15,No
22799.6,90,210,22720.15,22720.15,22630.15,22810.15,No
22799.6,90,220,22720.15,22720.15,22630.15,22810.15,No
22799.6,90,230,22720.15,22720.15,22630.15,22810.15,No
22799.6,90,240,22720.15,22720.15,22630.15,22810.15,No
22799.6,90,250,22720.15,22720.15,22630.15,22810.15,No
22799.6,90,260,22720.15,22720.15,22630.15,22810.15,No
22799.6,90,270,22720.15,22720.15,22630.15,22810.15,No
22799.6,90,280,22720.15,22720.15,22630.15,22810.15,No
22799.6,90,290,22720.15,22720.15,22630.15,22810.15,No
22799.6,90,300,22720.15,22720.15,22630.15,22810.15,No
22799.6,120,30,22720.15,22720.15,22600.15,22840.15,No
22799.6,120,40,22720.15,22720.15,22600.15,22840.15,No
22799.6,120,50,22720.15,22720.15,22600.15,22840.15,No
22799.6,120,60,22720.15,22720.15,22600.15,22840.15,No
22799.6,120,70,22720.15,22720.15,22600.15,22840.15,No
22799.6,120,80,22720.15,22720.15,22600.15,22840.15,No
22799.6,120,90,22720.15,22720.15,22600.15,22840.15,No
22799.6,120,100,22720.15,22720.15,22600.15,22840.15,No
22799.6,120,110,22720.15,22720.15,22600.15,22840.15,No
22799.6,120,120,22720.15,22720.15,22600.15,22840.15,No
22799.6,120,130,22720.15,22720.15,22600.15,22840.15,No
22799.6,120,140,22720.15,22720.15,22600.15,22840.15,No
22799.6,120,150,22720.15,22720.15,22600.15,22840.15,No
22799.6,120,160,22720.15,22720.15,22600.15,22840.15,No
22799.6,120,170,22720.15,22720.15,22600.15,22840.15,No
22799.6,120,180,22720.15,22720.15,22600.15,22840.15,No
22799.6,120,190,22720.15,22720.15,22600.15,22840.15,No
22799.6,120,200,22720.15,22720.15,22600.15,22840.15,No
22799.6,120,210,22720.15,22720.15,22600.15,22840.15,No
22799.6,120,220,22720.15,22720.15,22600.15,22840.15,No
22799.6,120,230,22720.15,22720.15,22600.15,22840.15,No
22799.6,120,240,22720.15,22720.15,22600.15,22840.15,No
22799.6,120,250,22720.15,22720.15,22600.15,22840.15,No
22799.6,120,260,22720.15,22720.15,22600.15,22840.15,No
22799.6,120,270,22720.15,22720.15,22600.15,22840.15,No
22799.6,120,280,22720.15,22720.15,22600.15,22840.15,No
22799.6,120,290,22720.15,22720.15,22600.15,22840.15,No
22799.6,120,300,22720.15,22720.15,22600.15,22840.15,No
22799.6,150,30,22720.15,22720.15,22570.15,22870.15,No
22799.6,150,40,22720.15,22720.15,22570.15,22870.15,No
22799.6,150,50,22720.15,22720.15,22570.15,22870.15,No
22799.6,150,60,22720.15,22720.15,22570.15,22870.15,No
22799.6,150,70,22720.15,22720.15,22570.15,22870.15,No
22799.6,150,80,22720.15,22720.15,22570.15,22870.15,No
22799.6,150,90,22720.15,22720.15,22570.15,22870.15,No
22799.6,150,100,22720.15,22720.15,22570.15,22870.15,No
22799.6,150,110,22720.15,22720.15,22570.15,22870.15,No
22799.6,150,120,22720.15,22720.15,22570.15,22870.15,No
22799.6,150,130,22720.15,22720.15,22570.15,22870.15,No
22799.6,150,140,22720.15,22720.15,22570.15,22870.15,No
22799.6,150,150,22720.15,22720.15,22570.15,22870.15,No
22799.6,150,160,22720.15,22720.15,22570.15,22870.15,No
22799.6,150,170,22720.15,22720.15,22570.15,22870.15,No
22799.6,150,180,22720.15,22720.15,22570.15,22870.15,No
22799.6,150,190,22720.15,22720.15,22570.15,22870.15,No
22799.6,150,200,22720.15,22720.15,22570.15,22870.15,No
22799.6,150,210,22720.15,22720.15,22570.15,22870.15,No
22799.6,150,220,22720.15,22720.15,22570.15,22870.15,No
22799.6,150,230,22720.15,22720.15,22570.15,22870.15,No
22799.6,150,240,22720.15,22720.15,22570.15,22870.15,No
22799.6,150,250,22720.15,22720.15,22570.15,22870.15,No
22799.6,150,260,22720.15,22720.15,22570.15,22870.15,No
22799.6,150,270,22720.15,22720.15,22570.15,22870.15,No
22799.6,150,280,22720.15,22720.15,22570.15,22870.15,No
22799.6,150,290,22720.15,22720.15,22570.15,22870.15,No
22799.6,150,300,22720.15,22720.15,22570.15,22870.15,No
